--
-- PostgreSQL database dump
--

\restrict otfncDfCXCsG6otj4kIiT8dTHGrmXmC29gjhiygQHOsx8h7HsOspNyQ4NIHos5e

-- Dumped from database version 16.10 (Ubuntu 16.10-0ubuntu0.24.04.1)
-- Dumped by pg_dump version 16.10 (Ubuntu 16.10-0ubuntu0.24.04.1)

SET statement_timeout = 0;
SET lock_timeout = 0;
SET idle_in_transaction_session_timeout = 0;
SET client_encoding = 'UTF8';
SET standard_conforming_strings = on;
SELECT pg_catalog.set_config('search_path', '', false);
SET check_function_bodies = false;
SET xmloption = content;
SET client_min_messages = warning;
SET row_security = off;

--
-- Name: postgis; Type: EXTENSION; Schema: -; Owner: -
--

CREATE EXTENSION IF NOT EXISTS postgis WITH SCHEMA public;


--
-- Name: EXTENSION postgis; Type: COMMENT; Schema: -; Owner: 
--

COMMENT ON EXTENSION postgis IS 'PostGIS geometry and geography spatial types and functions';


SET default_tablespace = '';

SET default_table_access_method = heap;

--
-- Name: auth_group; Type: TABLE; Schema: public; Owner: postgres
--

CREATE TABLE public.auth_group (
    id integer NOT NULL,
    name character varying(150) NOT NULL
);


ALTER TABLE public.auth_group OWNER TO postgres;

--
-- Name: auth_group_id_seq; Type: SEQUENCE; Schema: public; Owner: postgres
--

ALTER TABLE public.auth_group ALTER COLUMN id ADD GENERATED BY DEFAULT AS IDENTITY (
    SEQUENCE NAME public.auth_group_id_seq
    START WITH 1
    INCREMENT BY 1
    NO MINVALUE
    NO MAXVALUE
    CACHE 1
);


--
-- Name: auth_group_permissions; Type: TABLE; Schema: public; Owner: postgres
--

CREATE TABLE public.auth_group_permissions (
    id bigint NOT NULL,
    group_id integer NOT NULL,
    permission_id integer NOT NULL
);


ALTER TABLE public.auth_group_permissions OWNER TO postgres;

--
-- Name: auth_group_permissions_id_seq; Type: SEQUENCE; Schema: public; Owner: postgres
--

ALTER TABLE public.auth_group_permissions ALTER COLUMN id ADD GENERATED BY DEFAULT AS IDENTITY (
    SEQUENCE NAME public.auth_group_permissions_id_seq
    START WITH 1
    INCREMENT BY 1
    NO MINVALUE
    NO MAXVALUE
    CACHE 1
);


--
-- Name: auth_permission; Type: TABLE; Schema: public; Owner: postgres
--

CREATE TABLE public.auth_permission (
    id integer NOT NULL,
    name character varying(255) NOT NULL,
    content_type_id integer NOT NULL,
    codename character varying(100) NOT NULL
);


ALTER TABLE public.auth_permission OWNER TO postgres;

--
-- Name: auth_permission_id_seq; Type: SEQUENCE; Schema: public; Owner: postgres
--

ALTER TABLE public.auth_permission ALTER COLUMN id ADD GENERATED BY DEFAULT AS IDENTITY (
    SEQUENCE NAME public.auth_permission_id_seq
    START WITH 1
    INCREMENT BY 1
    NO MINVALUE
    NO MAXVALUE
    CACHE 1
);


--
-- Name: auth_user; Type: TABLE; Schema: public; Owner: postgres
--

CREATE TABLE public.auth_user (
    id integer NOT NULL,
    password character varying(128) NOT NULL,
    last_login timestamp with time zone,
    is_superuser boolean NOT NULL,
    username character varying(150) NOT NULL,
    first_name character varying(150) NOT NULL,
    last_name character varying(150) NOT NULL,
    email character varying(254) NOT NULL,
    is_staff boolean NOT NULL,
    is_active boolean NOT NULL,
    date_joined timestamp with time zone NOT NULL
);


ALTER TABLE public.auth_user OWNER TO postgres;

--
-- Name: auth_user_groups; Type: TABLE; Schema: public; Owner: postgres
--

CREATE TABLE public.auth_user_groups (
    id bigint NOT NULL,
    user_id integer NOT NULL,
    group_id integer NOT NULL
);


ALTER TABLE public.auth_user_groups OWNER TO postgres;

--
-- Name: auth_user_groups_id_seq; Type: SEQUENCE; Schema: public; Owner: postgres
--

ALTER TABLE public.auth_user_groups ALTER COLUMN id ADD GENERATED BY DEFAULT AS IDENTITY (
    SEQUENCE NAME public.auth_user_groups_id_seq
    START WITH 1
    INCREMENT BY 1
    NO MINVALUE
    NO MAXVALUE
    CACHE 1
);


--
-- Name: auth_user_id_seq; Type: SEQUENCE; Schema: public; Owner: postgres
--

ALTER TABLE public.auth_user ALTER COLUMN id ADD GENERATED BY DEFAULT AS IDENTITY (
    SEQUENCE NAME public.auth_user_id_seq
    START WITH 1
    INCREMENT BY 1
    NO MINVALUE
    NO MAXVALUE
    CACHE 1
);


--
-- Name: auth_user_user_permissions; Type: TABLE; Schema: public; Owner: postgres
--

CREATE TABLE public.auth_user_user_permissions (
    id bigint NOT NULL,
    user_id integer NOT NULL,
    permission_id integer NOT NULL
);


ALTER TABLE public.auth_user_user_permissions OWNER TO postgres;

--
-- Name: auth_user_user_permissions_id_seq; Type: SEQUENCE; Schema: public; Owner: postgres
--

ALTER TABLE public.auth_user_user_permissions ALTER COLUMN id ADD GENERATED BY DEFAULT AS IDENTITY (
    SEQUENCE NAME public.auth_user_user_permissions_id_seq
    START WITH 1
    INCREMENT BY 1
    NO MINVALUE
    NO MAXVALUE
    CACHE 1
);


--
-- Name: content_achievementpage; Type: TABLE; Schema: public; Owner: postgres
--

CREATE TABLE public.content_achievementpage (
    page_ptr_id integer NOT NULL,
    intro text NOT NULL,
    achievements jsonb NOT NULL
);


ALTER TABLE public.content_achievementpage OWNER TO postgres;

--
-- Name: content_homepage; Type: TABLE; Schema: public; Owner: postgres
--

CREATE TABLE public.content_homepage (
    page_ptr_id integer NOT NULL
);


ALTER TABLE public.content_homepage OWNER TO postgres;

--
-- Name: content_simplepage; Type: TABLE; Schema: public; Owner: postgres
--

CREATE TABLE public.content_simplepage (
    page_ptr_id integer NOT NULL,
    body text NOT NULL
);


ALTER TABLE public.content_simplepage OWNER TO postgres;

--
-- Name: django_admin_log; Type: TABLE; Schema: public; Owner: postgres
--

CREATE TABLE public.django_admin_log (
    id integer NOT NULL,
    action_time timestamp with time zone NOT NULL,
    object_id text,
    object_repr character varying(200) NOT NULL,
    action_flag smallint NOT NULL,
    change_message text NOT NULL,
    content_type_id integer,
    user_id integer NOT NULL,
    CONSTRAINT django_admin_log_action_flag_check CHECK ((action_flag >= 0))
);


ALTER TABLE public.django_admin_log OWNER TO postgres;

--
-- Name: django_admin_log_id_seq; Type: SEQUENCE; Schema: public; Owner: postgres
--

ALTER TABLE public.django_admin_log ALTER COLUMN id ADD GENERATED BY DEFAULT AS IDENTITY (
    SEQUENCE NAME public.django_admin_log_id_seq
    START WITH 1
    INCREMENT BY 1
    NO MINVALUE
    NO MAXVALUE
    CACHE 1
);


--
-- Name: django_content_type; Type: TABLE; Schema: public; Owner: postgres
--

CREATE TABLE public.django_content_type (
    id integer NOT NULL,
    app_label character varying(100) NOT NULL,
    model character varying(100) NOT NULL
);


ALTER TABLE public.django_content_type OWNER TO postgres;

--
-- Name: django_content_type_id_seq; Type: SEQUENCE; Schema: public; Owner: postgres
--

ALTER TABLE public.django_content_type ALTER COLUMN id ADD GENERATED BY DEFAULT AS IDENTITY (
    SEQUENCE NAME public.django_content_type_id_seq
    START WITH 1
    INCREMENT BY 1
    NO MINVALUE
    NO MAXVALUE
    CACHE 1
);


--
-- Name: django_migrations; Type: TABLE; Schema: public; Owner: postgres
--

CREATE TABLE public.django_migrations (
    id bigint NOT NULL,
    app character varying(255) NOT NULL,
    name character varying(255) NOT NULL,
    applied timestamp with time zone NOT NULL
);


ALTER TABLE public.django_migrations OWNER TO postgres;

--
-- Name: django_migrations_id_seq; Type: SEQUENCE; Schema: public; Owner: postgres
--

ALTER TABLE public.django_migrations ALTER COLUMN id ADD GENERATED BY DEFAULT AS IDENTITY (
    SEQUENCE NAME public.django_migrations_id_seq
    START WITH 1
    INCREMENT BY 1
    NO MINVALUE
    NO MAXVALUE
    CACHE 1
);


--
-- Name: django_session; Type: TABLE; Schema: public; Owner: postgres
--

CREATE TABLE public.django_session (
    session_key character varying(40) NOT NULL,
    session_data text NOT NULL,
    expire_date timestamp with time zone NOT NULL
);


ALTER TABLE public.django_session OWNER TO postgres;

--
-- Name: taggit_tag; Type: TABLE; Schema: public; Owner: postgres
--

CREATE TABLE public.taggit_tag (
    id integer NOT NULL,
    name character varying(100) NOT NULL,
    slug character varying(100) NOT NULL
);


ALTER TABLE public.taggit_tag OWNER TO postgres;

--
-- Name: taggit_tag_id_seq; Type: SEQUENCE; Schema: public; Owner: postgres
--

ALTER TABLE public.taggit_tag ALTER COLUMN id ADD GENERATED BY DEFAULT AS IDENTITY (
    SEQUENCE NAME public.taggit_tag_id_seq
    START WITH 1
    INCREMENT BY 1
    NO MINVALUE
    NO MAXVALUE
    CACHE 1
);


--
-- Name: taggit_taggeditem; Type: TABLE; Schema: public; Owner: postgres
--

CREATE TABLE public.taggit_taggeditem (
    id integer NOT NULL,
    object_id integer NOT NULL,
    content_type_id integer NOT NULL,
    tag_id integer NOT NULL
);


ALTER TABLE public.taggit_taggeditem OWNER TO postgres;

--
-- Name: taggit_taggeditem_id_seq; Type: SEQUENCE; Schema: public; Owner: postgres
--

ALTER TABLE public.taggit_taggeditem ALTER COLUMN id ADD GENERATED BY DEFAULT AS IDENTITY (
    SEQUENCE NAME public.taggit_taggeditem_id_seq
    START WITH 1
    INCREMENT BY 1
    NO MINVALUE
    NO MAXVALUE
    CACHE 1
);


--
-- Name: wagtailadmin_admin; Type: TABLE; Schema: public; Owner: postgres
--

CREATE TABLE public.wagtailadmin_admin (
    id integer NOT NULL
);


ALTER TABLE public.wagtailadmin_admin OWNER TO postgres;

--
-- Name: wagtailadmin_admin_id_seq; Type: SEQUENCE; Schema: public; Owner: postgres
--

ALTER TABLE public.wagtailadmin_admin ALTER COLUMN id ADD GENERATED BY DEFAULT AS IDENTITY (
    SEQUENCE NAME public.wagtailadmin_admin_id_seq
    START WITH 1
    INCREMENT BY 1
    NO MINVALUE
    NO MAXVALUE
    CACHE 1
);


--
-- Name: wagtailadmin_editingsession; Type: TABLE; Schema: public; Owner: postgres
--

CREATE TABLE public.wagtailadmin_editingsession (
    id integer NOT NULL,
    object_id character varying(255) NOT NULL,
    last_seen_at timestamp with time zone NOT NULL,
    content_type_id integer NOT NULL,
    user_id integer NOT NULL,
    is_editing boolean NOT NULL
);


ALTER TABLE public.wagtailadmin_editingsession OWNER TO postgres;

--
-- Name: wagtailadmin_editingsession_id_seq; Type: SEQUENCE; Schema: public; Owner: postgres
--

ALTER TABLE public.wagtailadmin_editingsession ALTER COLUMN id ADD GENERATED BY DEFAULT AS IDENTITY (
    SEQUENCE NAME public.wagtailadmin_editingsession_id_seq
    START WITH 1
    INCREMENT BY 1
    NO MINVALUE
    NO MAXVALUE
    CACHE 1
);


--
-- Name: wagtailcore_collection; Type: TABLE; Schema: public; Owner: postgres
--

CREATE TABLE public.wagtailcore_collection (
    id integer NOT NULL,
    path character varying(255) NOT NULL COLLATE pg_catalog."C",
    depth integer NOT NULL,
    numchild integer NOT NULL,
    name character varying(255) NOT NULL,
    CONSTRAINT wagtailcore_collection_depth_check CHECK ((depth >= 0)),
    CONSTRAINT wagtailcore_collection_numchild_check CHECK ((numchild >= 0))
);


ALTER TABLE public.wagtailcore_collection OWNER TO postgres;

--
-- Name: wagtailcore_collection_id_seq; Type: SEQUENCE; Schema: public; Owner: postgres
--

ALTER TABLE public.wagtailcore_collection ALTER COLUMN id ADD GENERATED BY DEFAULT AS IDENTITY (
    SEQUENCE NAME public.wagtailcore_collection_id_seq
    START WITH 1
    INCREMENT BY 1
    NO MINVALUE
    NO MAXVALUE
    CACHE 1
);


--
-- Name: wagtailcore_collectionviewrestriction; Type: TABLE; Schema: public; Owner: postgres
--

CREATE TABLE public.wagtailcore_collectionviewrestriction (
    id integer NOT NULL,
    restriction_type character varying(20) NOT NULL,
    password character varying(255) NOT NULL,
    collection_id integer NOT NULL
);


ALTER TABLE public.wagtailcore_collectionviewrestriction OWNER TO postgres;

--
-- Name: wagtailcore_collectionviewrestriction_groups; Type: TABLE; Schema: public; Owner: postgres
--

CREATE TABLE public.wagtailcore_collectionviewrestriction_groups (
    id bigint NOT NULL,
    collectionviewrestriction_id integer NOT NULL,
    group_id integer NOT NULL
);


ALTER TABLE public.wagtailcore_collectionviewrestriction_groups OWNER TO postgres;

--
-- Name: wagtailcore_collectionviewrestriction_groups_id_seq; Type: SEQUENCE; Schema: public; Owner: postgres
--

ALTER TABLE public.wagtailcore_collectionviewrestriction_groups ALTER COLUMN id ADD GENERATED BY DEFAULT AS IDENTITY (
    SEQUENCE NAME public.wagtailcore_collectionviewrestriction_groups_id_seq
    START WITH 1
    INCREMENT BY 1
    NO MINVALUE
    NO MAXVALUE
    CACHE 1
);


--
-- Name: wagtailcore_collectionviewrestriction_id_seq; Type: SEQUENCE; Schema: public; Owner: postgres
--

ALTER TABLE public.wagtailcore_collectionviewrestriction ALTER COLUMN id ADD GENERATED BY DEFAULT AS IDENTITY (
    SEQUENCE NAME public.wagtailcore_collectionviewrestriction_id_seq
    START WITH 1
    INCREMENT BY 1
    NO MINVALUE
    NO MAXVALUE
    CACHE 1
);


--
-- Name: wagtailcore_comment; Type: TABLE; Schema: public; Owner: postgres
--

CREATE TABLE public.wagtailcore_comment (
    id integer NOT NULL,
    text text NOT NULL,
    contentpath text NOT NULL,
    "position" text NOT NULL,
    created_at timestamp with time zone NOT NULL,
    updated_at timestamp with time zone NOT NULL,
    resolved_at timestamp with time zone,
    page_id integer NOT NULL,
    resolved_by_id integer,
    revision_created_id integer,
    user_id integer NOT NULL
);


ALTER TABLE public.wagtailcore_comment OWNER TO postgres;

--
-- Name: wagtailcore_comment_id_seq; Type: SEQUENCE; Schema: public; Owner: postgres
--

ALTER TABLE public.wagtailcore_comment ALTER COLUMN id ADD GENERATED BY DEFAULT AS IDENTITY (
    SEQUENCE NAME public.wagtailcore_comment_id_seq
    START WITH 1
    INCREMENT BY 1
    NO MINVALUE
    NO MAXVALUE
    CACHE 1
);


--
-- Name: wagtailcore_commentreply; Type: TABLE; Schema: public; Owner: postgres
--

CREATE TABLE public.wagtailcore_commentreply (
    id integer NOT NULL,
    text text NOT NULL,
    created_at timestamp with time zone NOT NULL,
    updated_at timestamp with time zone NOT NULL,
    comment_id integer NOT NULL,
    user_id integer NOT NULL
);


ALTER TABLE public.wagtailcore_commentreply OWNER TO postgres;

--
-- Name: wagtailcore_commentreply_id_seq; Type: SEQUENCE; Schema: public; Owner: postgres
--

ALTER TABLE public.wagtailcore_commentreply ALTER COLUMN id ADD GENERATED BY DEFAULT AS IDENTITY (
    SEQUENCE NAME public.wagtailcore_commentreply_id_seq
    START WITH 1
    INCREMENT BY 1
    NO MINVALUE
    NO MAXVALUE
    CACHE 1
);


--
-- Name: wagtailcore_groupapprovaltask; Type: TABLE; Schema: public; Owner: postgres
--

CREATE TABLE public.wagtailcore_groupapprovaltask (
    task_ptr_id integer NOT NULL
);


ALTER TABLE public.wagtailcore_groupapprovaltask OWNER TO postgres;

--
-- Name: wagtailcore_groupapprovaltask_groups; Type: TABLE; Schema: public; Owner: postgres
--

CREATE TABLE public.wagtailcore_groupapprovaltask_groups (
    id bigint NOT NULL,
    groupapprovaltask_id integer NOT NULL,
    group_id integer NOT NULL
);


ALTER TABLE public.wagtailcore_groupapprovaltask_groups OWNER TO postgres;

--
-- Name: wagtailcore_groupapprovaltask_groups_id_seq; Type: SEQUENCE; Schema: public; Owner: postgres
--

ALTER TABLE public.wagtailcore_groupapprovaltask_groups ALTER COLUMN id ADD GENERATED BY DEFAULT AS IDENTITY (
    SEQUENCE NAME public.wagtailcore_groupapprovaltask_groups_id_seq
    START WITH 1
    INCREMENT BY 1
    NO MINVALUE
    NO MAXVALUE
    CACHE 1
);


--
-- Name: wagtailcore_groupcollectionpermission; Type: TABLE; Schema: public; Owner: postgres
--

CREATE TABLE public.wagtailcore_groupcollectionpermission (
    id integer NOT NULL,
    collection_id integer NOT NULL,
    group_id integer NOT NULL,
    permission_id integer NOT NULL
);


ALTER TABLE public.wagtailcore_groupcollectionpermission OWNER TO postgres;

--
-- Name: wagtailcore_groupcollectionpermission_id_seq; Type: SEQUENCE; Schema: public; Owner: postgres
--

ALTER TABLE public.wagtailcore_groupcollectionpermission ALTER COLUMN id ADD GENERATED BY DEFAULT AS IDENTITY (
    SEQUENCE NAME public.wagtailcore_groupcollectionpermission_id_seq
    START WITH 1
    INCREMENT BY 1
    NO MINVALUE
    NO MAXVALUE
    CACHE 1
);


--
-- Name: wagtailcore_grouppagepermission; Type: TABLE; Schema: public; Owner: postgres
--

CREATE TABLE public.wagtailcore_grouppagepermission (
    id integer NOT NULL,
    group_id integer NOT NULL,
    page_id integer NOT NULL,
    permission_id integer NOT NULL
);


ALTER TABLE public.wagtailcore_grouppagepermission OWNER TO postgres;

--
-- Name: wagtailcore_grouppagepermission_id_seq; Type: SEQUENCE; Schema: public; Owner: postgres
--

ALTER TABLE public.wagtailcore_grouppagepermission ALTER COLUMN id ADD GENERATED BY DEFAULT AS IDENTITY (
    SEQUENCE NAME public.wagtailcore_grouppagepermission_id_seq
    START WITH 1
    INCREMENT BY 1
    NO MINVALUE
    NO MAXVALUE
    CACHE 1
);


--
-- Name: wagtailcore_locale; Type: TABLE; Schema: public; Owner: postgres
--

CREATE TABLE public.wagtailcore_locale (
    id integer NOT NULL,
    language_code character varying(100) NOT NULL
);


ALTER TABLE public.wagtailcore_locale OWNER TO postgres;

--
-- Name: wagtailcore_locale_id_seq; Type: SEQUENCE; Schema: public; Owner: postgres
--

ALTER TABLE public.wagtailcore_locale ALTER COLUMN id ADD GENERATED BY DEFAULT AS IDENTITY (
    SEQUENCE NAME public.wagtailcore_locale_id_seq
    START WITH 1
    INCREMENT BY 1
    NO MINVALUE
    NO MAXVALUE
    CACHE 1
);


--
-- Name: wagtailcore_modellogentry; Type: TABLE; Schema: public; Owner: postgres
--

CREATE TABLE public.wagtailcore_modellogentry (
    id integer NOT NULL,
    label text NOT NULL,
    action character varying(255) NOT NULL,
    data jsonb NOT NULL,
    "timestamp" timestamp with time zone NOT NULL,
    content_changed boolean NOT NULL,
    deleted boolean NOT NULL,
    object_id character varying(255) NOT NULL,
    content_type_id integer,
    user_id integer,
    uuid uuid,
    revision_id integer
);


ALTER TABLE public.wagtailcore_modellogentry OWNER TO postgres;

--
-- Name: wagtailcore_modellogentry_id_seq; Type: SEQUENCE; Schema: public; Owner: postgres
--

ALTER TABLE public.wagtailcore_modellogentry ALTER COLUMN id ADD GENERATED BY DEFAULT AS IDENTITY (
    SEQUENCE NAME public.wagtailcore_modellogentry_id_seq
    START WITH 1
    INCREMENT BY 1
    NO MINVALUE
    NO MAXVALUE
    CACHE 1
);


--
-- Name: wagtailcore_page; Type: TABLE; Schema: public; Owner: postgres
--

CREATE TABLE public.wagtailcore_page (
    id integer NOT NULL,
    path character varying(255) NOT NULL COLLATE pg_catalog."C",
    depth integer NOT NULL,
    numchild integer NOT NULL,
    title character varying(255) NOT NULL,
    slug character varying(255) NOT NULL,
    live boolean NOT NULL,
    has_unpublished_changes boolean NOT NULL,
    url_path text NOT NULL,
    seo_title character varying(255) NOT NULL,
    show_in_menus boolean NOT NULL,
    search_description text NOT NULL,
    go_live_at timestamp with time zone,
    expire_at timestamp with time zone,
    expired boolean NOT NULL,
    content_type_id integer NOT NULL,
    owner_id integer,
    locked boolean NOT NULL,
    latest_revision_created_at timestamp with time zone,
    first_published_at timestamp with time zone,
    live_revision_id integer,
    last_published_at timestamp with time zone,
    draft_title character varying(255) NOT NULL,
    locked_at timestamp with time zone,
    locked_by_id integer,
    translation_key uuid NOT NULL,
    locale_id integer NOT NULL,
    alias_of_id integer,
    latest_revision_id integer,
    CONSTRAINT wagtailcore_page_depth_check CHECK ((depth >= 0)),
    CONSTRAINT wagtailcore_page_numchild_check CHECK ((numchild >= 0))
);


ALTER TABLE public.wagtailcore_page OWNER TO postgres;

--
-- Name: wagtailcore_page_id_seq; Type: SEQUENCE; Schema: public; Owner: postgres
--

ALTER TABLE public.wagtailcore_page ALTER COLUMN id ADD GENERATED BY DEFAULT AS IDENTITY (
    SEQUENCE NAME public.wagtailcore_page_id_seq
    START WITH 1
    INCREMENT BY 1
    NO MINVALUE
    NO MAXVALUE
    CACHE 1
);


--
-- Name: wagtailcore_pagelogentry; Type: TABLE; Schema: public; Owner: postgres
--

CREATE TABLE public.wagtailcore_pagelogentry (
    id integer NOT NULL,
    label text NOT NULL,
    action character varying(255) NOT NULL,
    data jsonb NOT NULL,
    "timestamp" timestamp with time zone NOT NULL,
    content_changed boolean NOT NULL,
    deleted boolean NOT NULL,
    content_type_id integer,
    page_id integer NOT NULL,
    revision_id integer,
    user_id integer,
    uuid uuid
);


ALTER TABLE public.wagtailcore_pagelogentry OWNER TO postgres;

--
-- Name: wagtailcore_pagelogentry_id_seq; Type: SEQUENCE; Schema: public; Owner: postgres
--

ALTER TABLE public.wagtailcore_pagelogentry ALTER COLUMN id ADD GENERATED BY DEFAULT AS IDENTITY (
    SEQUENCE NAME public.wagtailcore_pagelogentry_id_seq
    START WITH 1
    INCREMENT BY 1
    NO MINVALUE
    NO MAXVALUE
    CACHE 1
);


--
-- Name: wagtailcore_revision; Type: TABLE; Schema: public; Owner: postgres
--

CREATE TABLE public.wagtailcore_revision (
    id integer NOT NULL,
    created_at timestamp with time zone NOT NULL,
    content jsonb NOT NULL,
    approved_go_live_at timestamp with time zone,
    object_id character varying(255) NOT NULL,
    user_id integer,
    content_type_id integer NOT NULL,
    base_content_type_id integer NOT NULL,
    object_str text NOT NULL
);


ALTER TABLE public.wagtailcore_revision OWNER TO postgres;

--
-- Name: wagtailcore_pagerevision_id_seq; Type: SEQUENCE; Schema: public; Owner: postgres
--

ALTER TABLE public.wagtailcore_revision ALTER COLUMN id ADD GENERATED BY DEFAULT AS IDENTITY (
    SEQUENCE NAME public.wagtailcore_pagerevision_id_seq
    START WITH 1
    INCREMENT BY 1
    NO MINVALUE
    NO MAXVALUE
    CACHE 1
);


--
-- Name: wagtailcore_pagesubscription; Type: TABLE; Schema: public; Owner: postgres
--

CREATE TABLE public.wagtailcore_pagesubscription (
    id integer NOT NULL,
    comment_notifications boolean NOT NULL,
    page_id integer NOT NULL,
    user_id integer NOT NULL
);


ALTER TABLE public.wagtailcore_pagesubscription OWNER TO postgres;

--
-- Name: wagtailcore_pagesubscription_id_seq; Type: SEQUENCE; Schema: public; Owner: postgres
--

ALTER TABLE public.wagtailcore_pagesubscription ALTER COLUMN id ADD GENERATED BY DEFAULT AS IDENTITY (
    SEQUENCE NAME public.wagtailcore_pagesubscription_id_seq
    START WITH 1
    INCREMENT BY 1
    NO MINVALUE
    NO MAXVALUE
    CACHE 1
);


--
-- Name: wagtailcore_pageviewrestriction; Type: TABLE; Schema: public; Owner: postgres
--

CREATE TABLE public.wagtailcore_pageviewrestriction (
    id integer NOT NULL,
    password character varying(255) NOT NULL,
    page_id integer NOT NULL,
    restriction_type character varying(20) NOT NULL
);


ALTER TABLE public.wagtailcore_pageviewrestriction OWNER TO postgres;

--
-- Name: wagtailcore_pageviewrestriction_groups; Type: TABLE; Schema: public; Owner: postgres
--

CREATE TABLE public.wagtailcore_pageviewrestriction_groups (
    id bigint NOT NULL,
    pageviewrestriction_id integer NOT NULL,
    group_id integer NOT NULL
);


ALTER TABLE public.wagtailcore_pageviewrestriction_groups OWNER TO postgres;

--
-- Name: wagtailcore_pageviewrestriction_groups_id_seq; Type: SEQUENCE; Schema: public; Owner: postgres
--

ALTER TABLE public.wagtailcore_pageviewrestriction_groups ALTER COLUMN id ADD GENERATED BY DEFAULT AS IDENTITY (
    SEQUENCE NAME public.wagtailcore_pageviewrestriction_groups_id_seq
    START WITH 1
    INCREMENT BY 1
    NO MINVALUE
    NO MAXVALUE
    CACHE 1
);


--
-- Name: wagtailcore_pageviewrestriction_id_seq; Type: SEQUENCE; Schema: public; Owner: postgres
--

ALTER TABLE public.wagtailcore_pageviewrestriction ALTER COLUMN id ADD GENERATED BY DEFAULT AS IDENTITY (
    SEQUENCE NAME public.wagtailcore_pageviewrestriction_id_seq
    START WITH 1
    INCREMENT BY 1
    NO MINVALUE
    NO MAXVALUE
    CACHE 1
);


--
-- Name: wagtailcore_referenceindex; Type: TABLE; Schema: public; Owner: postgres
--

CREATE TABLE public.wagtailcore_referenceindex (
    id integer NOT NULL,
    object_id character varying(255) NOT NULL,
    to_object_id character varying(255) NOT NULL,
    model_path text NOT NULL,
    content_path text NOT NULL,
    content_path_hash uuid NOT NULL,
    base_content_type_id integer NOT NULL,
    content_type_id integer NOT NULL,
    to_content_type_id integer NOT NULL
);


ALTER TABLE public.wagtailcore_referenceindex OWNER TO postgres;

--
-- Name: wagtailcore_referenceindex_id_seq; Type: SEQUENCE; Schema: public; Owner: postgres
--

ALTER TABLE public.wagtailcore_referenceindex ALTER COLUMN id ADD GENERATED BY DEFAULT AS IDENTITY (
    SEQUENCE NAME public.wagtailcore_referenceindex_id_seq
    START WITH 1
    INCREMENT BY 1
    NO MINVALUE
    NO MAXVALUE
    CACHE 1
);


--
-- Name: wagtailcore_site; Type: TABLE; Schema: public; Owner: postgres
--

CREATE TABLE public.wagtailcore_site (
    id integer NOT NULL,
    hostname character varying(255) NOT NULL,
    port integer NOT NULL,
    is_default_site boolean NOT NULL,
    root_page_id integer NOT NULL,
    site_name character varying(255) NOT NULL
);


ALTER TABLE public.wagtailcore_site OWNER TO postgres;

--
-- Name: wagtailcore_site_id_seq; Type: SEQUENCE; Schema: public; Owner: postgres
--

ALTER TABLE public.wagtailcore_site ALTER COLUMN id ADD GENERATED BY DEFAULT AS IDENTITY (
    SEQUENCE NAME public.wagtailcore_site_id_seq
    START WITH 1
    INCREMENT BY 1
    NO MINVALUE
    NO MAXVALUE
    CACHE 1
);


--
-- Name: wagtailcore_task; Type: TABLE; Schema: public; Owner: postgres
--

CREATE TABLE public.wagtailcore_task (
    id integer NOT NULL,
    name character varying(255) NOT NULL,
    active boolean NOT NULL,
    content_type_id integer NOT NULL
);


ALTER TABLE public.wagtailcore_task OWNER TO postgres;

--
-- Name: wagtailcore_task_id_seq; Type: SEQUENCE; Schema: public; Owner: postgres
--

ALTER TABLE public.wagtailcore_task ALTER COLUMN id ADD GENERATED BY DEFAULT AS IDENTITY (
    SEQUENCE NAME public.wagtailcore_task_id_seq
    START WITH 1
    INCREMENT BY 1
    NO MINVALUE
    NO MAXVALUE
    CACHE 1
);


--
-- Name: wagtailcore_taskstate; Type: TABLE; Schema: public; Owner: postgres
--

CREATE TABLE public.wagtailcore_taskstate (
    id integer NOT NULL,
    status character varying(50) NOT NULL,
    started_at timestamp with time zone NOT NULL,
    finished_at timestamp with time zone,
    content_type_id integer NOT NULL,
    revision_id integer NOT NULL,
    task_id integer NOT NULL,
    workflow_state_id integer NOT NULL,
    finished_by_id integer,
    comment text NOT NULL
);


ALTER TABLE public.wagtailcore_taskstate OWNER TO postgres;

--
-- Name: wagtailcore_taskstate_id_seq; Type: SEQUENCE; Schema: public; Owner: postgres
--

ALTER TABLE public.wagtailcore_taskstate ALTER COLUMN id ADD GENERATED BY DEFAULT AS IDENTITY (
    SEQUENCE NAME public.wagtailcore_taskstate_id_seq
    START WITH 1
    INCREMENT BY 1
    NO MINVALUE
    NO MAXVALUE
    CACHE 1
);


--
-- Name: wagtailcore_uploadedfile; Type: TABLE; Schema: public; Owner: postgres
--

CREATE TABLE public.wagtailcore_uploadedfile (
    id integer NOT NULL,
    file character varying(200) NOT NULL,
    for_content_type_id integer,
    uploaded_by_user_id integer
);


ALTER TABLE public.wagtailcore_uploadedfile OWNER TO postgres;

--
-- Name: wagtailcore_uploadedfile_id_seq; Type: SEQUENCE; Schema: public; Owner: postgres
--

ALTER TABLE public.wagtailcore_uploadedfile ALTER COLUMN id ADD GENERATED BY DEFAULT AS IDENTITY (
    SEQUENCE NAME public.wagtailcore_uploadedfile_id_seq
    START WITH 1
    INCREMENT BY 1
    NO MINVALUE
    NO MAXVALUE
    CACHE 1
);


--
-- Name: wagtailcore_workflow; Type: TABLE; Schema: public; Owner: postgres
--

CREATE TABLE public.wagtailcore_workflow (
    id integer NOT NULL,
    name character varying(255) NOT NULL,
    active boolean NOT NULL
);


ALTER TABLE public.wagtailcore_workflow OWNER TO postgres;

--
-- Name: wagtailcore_workflow_id_seq; Type: SEQUENCE; Schema: public; Owner: postgres
--

ALTER TABLE public.wagtailcore_workflow ALTER COLUMN id ADD GENERATED BY DEFAULT AS IDENTITY (
    SEQUENCE NAME public.wagtailcore_workflow_id_seq
    START WITH 1
    INCREMENT BY 1
    NO MINVALUE
    NO MAXVALUE
    CACHE 1
);


--
-- Name: wagtailcore_workflowcontenttype; Type: TABLE; Schema: public; Owner: postgres
--

CREATE TABLE public.wagtailcore_workflowcontenttype (
    content_type_id integer NOT NULL,
    workflow_id integer NOT NULL
);


ALTER TABLE public.wagtailcore_workflowcontenttype OWNER TO postgres;

--
-- Name: wagtailcore_workflowpage; Type: TABLE; Schema: public; Owner: postgres
--

CREATE TABLE public.wagtailcore_workflowpage (
    page_id integer NOT NULL,
    workflow_id integer NOT NULL
);


ALTER TABLE public.wagtailcore_workflowpage OWNER TO postgres;

--
-- Name: wagtailcore_workflowstate; Type: TABLE; Schema: public; Owner: postgres
--

CREATE TABLE public.wagtailcore_workflowstate (
    id integer NOT NULL,
    status character varying(50) NOT NULL,
    created_at timestamp with time zone NOT NULL,
    current_task_state_id integer,
    object_id character varying(255) NOT NULL,
    requested_by_id integer,
    workflow_id integer NOT NULL,
    content_type_id integer NOT NULL,
    base_content_type_id integer NOT NULL
);


ALTER TABLE public.wagtailcore_workflowstate OWNER TO postgres;

--
-- Name: wagtailcore_workflowstate_id_seq; Type: SEQUENCE; Schema: public; Owner: postgres
--

ALTER TABLE public.wagtailcore_workflowstate ALTER COLUMN id ADD GENERATED BY DEFAULT AS IDENTITY (
    SEQUENCE NAME public.wagtailcore_workflowstate_id_seq
    START WITH 1
    INCREMENT BY 1
    NO MINVALUE
    NO MAXVALUE
    CACHE 1
);


--
-- Name: wagtailcore_workflowtask; Type: TABLE; Schema: public; Owner: postgres
--

CREATE TABLE public.wagtailcore_workflowtask (
    id integer NOT NULL,
    sort_order integer,
    task_id integer NOT NULL,
    workflow_id integer NOT NULL
);


ALTER TABLE public.wagtailcore_workflowtask OWNER TO postgres;

--
-- Name: wagtailcore_workflowtask_id_seq; Type: SEQUENCE; Schema: public; Owner: postgres
--

ALTER TABLE public.wagtailcore_workflowtask ALTER COLUMN id ADD GENERATED BY DEFAULT AS IDENTITY (
    SEQUENCE NAME public.wagtailcore_workflowtask_id_seq
    START WITH 1
    INCREMENT BY 1
    NO MINVALUE
    NO MAXVALUE
    CACHE 1
);


--
-- Name: wagtaildocs_document; Type: TABLE; Schema: public; Owner: postgres
--

CREATE TABLE public.wagtaildocs_document (
    id integer NOT NULL,
    title character varying(255) NOT NULL,
    file character varying(100) NOT NULL,
    created_at timestamp with time zone NOT NULL,
    uploaded_by_user_id integer,
    collection_id integer NOT NULL,
    file_size bigint,
    file_hash character varying(40) NOT NULL,
    CONSTRAINT wagtaildocs_document_file_size_check CHECK ((file_size >= 0))
);


ALTER TABLE public.wagtaildocs_document OWNER TO postgres;

--
-- Name: wagtaildocs_document_id_seq; Type: SEQUENCE; Schema: public; Owner: postgres
--

ALTER TABLE public.wagtaildocs_document ALTER COLUMN id ADD GENERATED BY DEFAULT AS IDENTITY (
    SEQUENCE NAME public.wagtaildocs_document_id_seq
    START WITH 1
    INCREMENT BY 1
    NO MINVALUE
    NO MAXVALUE
    CACHE 1
);


--
-- Name: wagtailembeds_embed; Type: TABLE; Schema: public; Owner: postgres
--

CREATE TABLE public.wagtailembeds_embed (
    id integer NOT NULL,
    url text NOT NULL,
    max_width smallint,
    type character varying(10) NOT NULL,
    html text NOT NULL,
    title text NOT NULL,
    author_name text NOT NULL,
    provider_name text NOT NULL,
    thumbnail_url text NOT NULL,
    width integer,
    height integer,
    last_updated timestamp with time zone NOT NULL,
    hash character varying(32) NOT NULL,
    cache_until timestamp with time zone
);


ALTER TABLE public.wagtailembeds_embed OWNER TO postgres;

--
-- Name: wagtailembeds_embed_id_seq; Type: SEQUENCE; Schema: public; Owner: postgres
--

ALTER TABLE public.wagtailembeds_embed ALTER COLUMN id ADD GENERATED BY DEFAULT AS IDENTITY (
    SEQUENCE NAME public.wagtailembeds_embed_id_seq
    START WITH 1
    INCREMENT BY 1
    NO MINVALUE
    NO MAXVALUE
    CACHE 1
);


--
-- Name: wagtailforms_formsubmission; Type: TABLE; Schema: public; Owner: postgres
--

CREATE TABLE public.wagtailforms_formsubmission (
    id integer NOT NULL,
    form_data jsonb NOT NULL,
    submit_time timestamp with time zone NOT NULL,
    page_id integer NOT NULL
);


ALTER TABLE public.wagtailforms_formsubmission OWNER TO postgres;

--
-- Name: wagtailforms_formsubmission_id_seq; Type: SEQUENCE; Schema: public; Owner: postgres
--

ALTER TABLE public.wagtailforms_formsubmission ALTER COLUMN id ADD GENERATED BY DEFAULT AS IDENTITY (
    SEQUENCE NAME public.wagtailforms_formsubmission_id_seq
    START WITH 1
    INCREMENT BY 1
    NO MINVALUE
    NO MAXVALUE
    CACHE 1
);


--
-- Name: wagtailimages_image; Type: TABLE; Schema: public; Owner: postgres
--

CREATE TABLE public.wagtailimages_image (
    id integer NOT NULL,
    title character varying(255) NOT NULL,
    file character varying(100) NOT NULL,
    width integer NOT NULL,
    height integer NOT NULL,
    created_at timestamp with time zone NOT NULL,
    focal_point_x integer,
    focal_point_y integer,
    focal_point_width integer,
    focal_point_height integer,
    uploaded_by_user_id integer,
    file_size integer,
    collection_id integer NOT NULL,
    file_hash character varying(40) NOT NULL,
    description character varying(255) NOT NULL,
    CONSTRAINT wagtailimages_image_file_size_check CHECK ((file_size >= 0)),
    CONSTRAINT wagtailimages_image_focal_point_height_check CHECK ((focal_point_height >= 0)),
    CONSTRAINT wagtailimages_image_focal_point_width_check CHECK ((focal_point_width >= 0)),
    CONSTRAINT wagtailimages_image_focal_point_x_check CHECK ((focal_point_x >= 0)),
    CONSTRAINT wagtailimages_image_focal_point_y_check CHECK ((focal_point_y >= 0))
);


ALTER TABLE public.wagtailimages_image OWNER TO postgres;

--
-- Name: wagtailimages_image_id_seq; Type: SEQUENCE; Schema: public; Owner: postgres
--

ALTER TABLE public.wagtailimages_image ALTER COLUMN id ADD GENERATED BY DEFAULT AS IDENTITY (
    SEQUENCE NAME public.wagtailimages_image_id_seq
    START WITH 1
    INCREMENT BY 1
    NO MINVALUE
    NO MAXVALUE
    CACHE 1
);


--
-- Name: wagtailimages_rendition; Type: TABLE; Schema: public; Owner: postgres
--

CREATE TABLE public.wagtailimages_rendition (
    id integer NOT NULL,
    file character varying(100) NOT NULL,
    width integer NOT NULL,
    height integer NOT NULL,
    focal_point_key character varying(16) NOT NULL,
    filter_spec character varying(255) NOT NULL,
    image_id integer NOT NULL
);


ALTER TABLE public.wagtailimages_rendition OWNER TO postgres;

--
-- Name: wagtailimages_rendition_id_seq; Type: SEQUENCE; Schema: public; Owner: postgres
--

ALTER TABLE public.wagtailimages_rendition ALTER COLUMN id ADD GENERATED BY DEFAULT AS IDENTITY (
    SEQUENCE NAME public.wagtailimages_rendition_id_seq
    START WITH 1
    INCREMENT BY 1
    NO MINVALUE
    NO MAXVALUE
    CACHE 1
);


--
-- Name: wagtailredirects_redirect; Type: TABLE; Schema: public; Owner: postgres
--

CREATE TABLE public.wagtailredirects_redirect (
    id integer NOT NULL,
    old_path character varying(255) NOT NULL,
    is_permanent boolean NOT NULL,
    redirect_link character varying(255) NOT NULL,
    redirect_page_id integer,
    site_id integer,
    automatically_created boolean NOT NULL,
    created_at timestamp with time zone,
    redirect_page_route_path character varying(255) NOT NULL
);


ALTER TABLE public.wagtailredirects_redirect OWNER TO postgres;

--
-- Name: wagtailredirects_redirect_id_seq; Type: SEQUENCE; Schema: public; Owner: postgres
--

ALTER TABLE public.wagtailredirects_redirect ALTER COLUMN id ADD GENERATED BY DEFAULT AS IDENTITY (
    SEQUENCE NAME public.wagtailredirects_redirect_id_seq
    START WITH 1
    INCREMENT BY 1
    NO MINVALUE
    NO MAXVALUE
    CACHE 1
);


--
-- Name: wagtailsearch_indexentry; Type: TABLE; Schema: public; Owner: postgres
--

CREATE TABLE public.wagtailsearch_indexentry (
    id integer NOT NULL,
    object_id character varying(50) NOT NULL,
    title_norm double precision NOT NULL,
    content_type_id integer NOT NULL,
    autocomplete tsvector NOT NULL,
    title tsvector NOT NULL,
    body tsvector NOT NULL
);


ALTER TABLE public.wagtailsearch_indexentry OWNER TO postgres;

--
-- Name: wagtailsearch_indexentry_id_seq; Type: SEQUENCE; Schema: public; Owner: postgres
--

ALTER TABLE public.wagtailsearch_indexentry ALTER COLUMN id ADD GENERATED BY DEFAULT AS IDENTITY (
    SEQUENCE NAME public.wagtailsearch_indexentry_id_seq
    START WITH 1
    INCREMENT BY 1
    NO MINVALUE
    NO MAXVALUE
    CACHE 1
);


--
-- Name: wagtailusers_userprofile; Type: TABLE; Schema: public; Owner: postgres
--

CREATE TABLE public.wagtailusers_userprofile (
    id integer NOT NULL,
    submitted_notifications boolean NOT NULL,
    approved_notifications boolean NOT NULL,
    rejected_notifications boolean NOT NULL,
    user_id integer NOT NULL,
    preferred_language character varying(10) NOT NULL,
    current_time_zone character varying(40) NOT NULL,
    avatar character varying(100) NOT NULL,
    updated_comments_notifications boolean NOT NULL,
    dismissibles jsonb NOT NULL,
    theme character varying(40) NOT NULL,
    density character varying(40) NOT NULL,
    contrast character varying(40) NOT NULL
);


ALTER TABLE public.wagtailusers_userprofile OWNER TO postgres;

--
-- Name: wagtailusers_userprofile_id_seq; Type: SEQUENCE; Schema: public; Owner: postgres
--

ALTER TABLE public.wagtailusers_userprofile ALTER COLUMN id ADD GENERATED BY DEFAULT AS IDENTITY (
    SEQUENCE NAME public.wagtailusers_userprofile_id_seq
    START WITH 1
    INCREMENT BY 1
    NO MINVALUE
    NO MAXVALUE
    CACHE 1
);


--
-- Data for Name: auth_group; Type: TABLE DATA; Schema: public; Owner: postgres
--

COPY public.auth_group (id, name) FROM stdin;
1	Moderators
2	Editors
\.


--
-- Data for Name: auth_group_permissions; Type: TABLE DATA; Schema: public; Owner: postgres
--

COPY public.auth_group_permissions (id, group_id, permission_id) FROM stdin;
1	1	101
2	2	101
3	1	104
4	1	102
5	1	103
6	2	104
7	2	102
8	2	103
9	1	105
10	2	105
11	1	106
12	1	107
13	1	108
14	2	106
15	2	107
16	2	108
17	1	109
18	2	109
\.


--
-- Data for Name: auth_permission; Type: TABLE DATA; Schema: public; Owner: postgres
--

COPY public.auth_permission (id, name, content_type_id, codename) FROM stdin;
1	Can add locale	3	add_locale
2	Can change locale	3	change_locale
3	Can delete locale	3	delete_locale
4	Can view locale	3	view_locale
5	Can add site	4	add_site
6	Can change site	4	change_site
7	Can delete site	4	delete_site
8	Can view site	4	view_site
9	Can add model log entry	5	add_modellogentry
10	Can change model log entry	5	change_modellogentry
11	Can delete model log entry	5	delete_modellogentry
12	Can view model log entry	5	view_modellogentry
13	Can add collection view restriction	6	add_collectionviewrestriction
14	Can change collection view restriction	6	change_collectionviewrestriction
15	Can delete collection view restriction	6	delete_collectionviewrestriction
16	Can view collection view restriction	6	view_collectionviewrestriction
17	Can add collection	7	add_collection
18	Can change collection	7	change_collection
19	Can delete collection	7	delete_collection
20	Can view collection	7	view_collection
21	Can add group collection permission	8	add_groupcollectionpermission
22	Can change group collection permission	8	change_groupcollectionpermission
23	Can delete group collection permission	8	delete_groupcollectionpermission
24	Can view group collection permission	8	view_groupcollectionpermission
25	Can add uploaded file	9	add_uploadedfile
26	Can change uploaded file	9	change_uploadedfile
27	Can delete uploaded file	9	delete_uploadedfile
28	Can view uploaded file	9	view_uploadedfile
29	Can add reference index	10	add_referenceindex
30	Can change reference index	10	change_referenceindex
31	Can delete reference index	10	delete_referenceindex
32	Can view reference index	10	view_referenceindex
33	Can add page	1	add_page
34	Can change page	1	change_page
35	Can delete page	1	delete_page
36	Can view page	1	view_page
37	Delete pages with children	1	bulk_delete_page
38	Lock/unlock pages you've locked	1	lock_page
39	Publish any page	1	publish_page
40	Unlock any page	1	unlock_page
41	Can add revision	11	add_revision
42	Can change revision	11	change_revision
43	Can delete revision	11	delete_revision
44	Can view revision	11	view_revision
45	Can add group page permission	12	add_grouppagepermission
46	Can change group page permission	12	change_grouppagepermission
47	Can delete group page permission	12	delete_grouppagepermission
48	Can view group page permission	12	view_grouppagepermission
49	Can add page view restriction	13	add_pageviewrestriction
50	Can change page view restriction	13	change_pageviewrestriction
51	Can delete page view restriction	13	delete_pageviewrestriction
52	Can view page view restriction	13	view_pageviewrestriction
53	Can add workflow page	14	add_workflowpage
54	Can change workflow page	14	change_workflowpage
55	Can delete workflow page	14	delete_workflowpage
56	Can view workflow page	14	view_workflowpage
57	Can add workflow content type	15	add_workflowcontenttype
58	Can change workflow content type	15	change_workflowcontenttype
59	Can delete workflow content type	15	delete_workflowcontenttype
60	Can view workflow content type	15	view_workflowcontenttype
61	Can add workflow task order	16	add_workflowtask
62	Can change workflow task order	16	change_workflowtask
63	Can delete workflow task order	16	delete_workflowtask
64	Can view workflow task order	16	view_workflowtask
65	Can add task	17	add_task
66	Can change task	17	change_task
67	Can delete task	17	delete_task
68	Can view task	17	view_task
69	Can add workflow	18	add_workflow
70	Can change workflow	18	change_workflow
71	Can delete workflow	18	delete_workflow
72	Can view workflow	18	view_workflow
73	Can add Group approval task	2	add_groupapprovaltask
74	Can change Group approval task	2	change_groupapprovaltask
75	Can delete Group approval task	2	delete_groupapprovaltask
76	Can view Group approval task	2	view_groupapprovaltask
77	Can add Workflow state	19	add_workflowstate
78	Can change Workflow state	19	change_workflowstate
79	Can delete Workflow state	19	delete_workflowstate
80	Can view Workflow state	19	view_workflowstate
81	Can add Task state	20	add_taskstate
82	Can change Task state	20	change_taskstate
83	Can delete Task state	20	delete_taskstate
84	Can view Task state	20	view_taskstate
85	Can add page log entry	21	add_pagelogentry
86	Can change page log entry	21	change_pagelogentry
87	Can delete page log entry	21	delete_pagelogentry
88	Can view page log entry	21	view_pagelogentry
89	Can add comment	22	add_comment
90	Can change comment	22	change_comment
91	Can delete comment	22	delete_comment
92	Can view comment	22	view_comment
93	Can add comment reply	23	add_commentreply
94	Can change comment reply	23	change_commentreply
95	Can delete comment reply	23	delete_commentreply
96	Can view comment reply	23	view_commentreply
97	Can add page subscription	24	add_pagesubscription
98	Can change page subscription	24	change_pagesubscription
99	Can delete page subscription	24	delete_pagesubscription
100	Can view page subscription	24	view_pagesubscription
101	Can access Wagtail admin	25	access_admin
102	Can add document	26	add_document
103	Can change document	26	change_document
104	Can delete document	26	delete_document
105	Can choose document	26	choose_document
106	Can add image	27	add_image
107	Can change image	27	change_image
108	Can delete image	27	delete_image
109	Can choose image	27	choose_image
110	Can add log entry	28	add_logentry
111	Can change log entry	28	change_logentry
112	Can delete log entry	28	delete_logentry
113	Can view log entry	28	view_logentry
114	Can add permission	29	add_permission
115	Can change permission	29	change_permission
116	Can delete permission	29	delete_permission
117	Can view permission	29	view_permission
118	Can add group	30	add_group
119	Can change group	30	change_group
120	Can delete group	30	delete_group
121	Can view group	30	view_group
122	Can add user	31	add_user
123	Can change user	31	change_user
124	Can delete user	31	delete_user
125	Can view user	31	view_user
126	Can add content type	32	add_contenttype
127	Can change content type	32	change_contenttype
128	Can delete content type	32	delete_contenttype
129	Can view content type	32	view_contenttype
130	Can add session	33	add_session
131	Can change session	33	change_session
132	Can delete session	33	delete_session
133	Can view session	33	view_session
134	Can add form submission	34	add_formsubmission
135	Can change form submission	34	change_formsubmission
136	Can delete form submission	34	delete_formsubmission
137	Can view form submission	34	view_formsubmission
138	Can add redirect	35	add_redirect
139	Can change redirect	35	change_redirect
140	Can delete redirect	35	delete_redirect
141	Can view redirect	35	view_redirect
142	Can add embed	36	add_embed
143	Can change embed	36	change_embed
144	Can delete embed	36	delete_embed
145	Can view embed	36	view_embed
146	Can add user profile	37	add_userprofile
147	Can change user profile	37	change_userprofile
148	Can delete user profile	37	delete_userprofile
149	Can view user profile	37	view_userprofile
150	Can view document	26	view_document
151	Can view image	27	view_image
152	Can add rendition	38	add_rendition
153	Can change rendition	38	change_rendition
154	Can delete rendition	38	delete_rendition
155	Can view rendition	38	view_rendition
156	Can add index entry	39	add_indexentry
157	Can change index entry	39	change_indexentry
158	Can delete index entry	39	delete_indexentry
159	Can view index entry	39	view_indexentry
160	Can add editing session	40	add_editingsession
161	Can change editing session	40	change_editingsession
162	Can delete editing session	40	delete_editingsession
163	Can view editing session	40	view_editingsession
164	Can add tag	41	add_tag
165	Can change tag	41	change_tag
166	Can delete tag	41	delete_tag
167	Can view tag	41	view_tag
168	Can add tagged item	42	add_taggeditem
169	Can change tagged item	42	change_taggeditem
170	Can delete tagged item	42	delete_taggeditem
171	Can view tagged item	42	view_taggeditem
172	Can add simple page	43	add_simplepage
173	Can change simple page	43	change_simplepage
174	Can delete simple page	43	delete_simplepage
175	Can view simple page	43	view_simplepage
176	Can add achievement page	44	add_achievementpage
177	Can change achievement page	44	change_achievementpage
178	Can delete achievement page	44	delete_achievementpage
179	Can view achievement page	44	view_achievementpage
180	Can add home page	45	add_homepage
181	Can change home page	45	change_homepage
182	Can delete home page	45	delete_homepage
183	Can view home page	45	view_homepage
\.


--
-- Data for Name: auth_user; Type: TABLE DATA; Schema: public; Owner: postgres
--

COPY public.auth_user (id, password, last_login, is_superuser, username, first_name, last_name, email, is_staff, is_active, date_joined) FROM stdin;
1	pbkdf2_sha256$870000$b9G2wfJwTVX0F4w2R6k6Az$dXvSvGMNJ2Q7/j6ifrhdJFIO9OnZUDB9KIWdIdy7hZk=	2026-01-21 15:36:30.759+05:30	t	ffeadmin			monikapatira@gmail.com	t	t	2026-01-15 12:44:19.013+05:30
\.


--
-- Data for Name: auth_user_groups; Type: TABLE DATA; Schema: public; Owner: postgres
--

COPY public.auth_user_groups (id, user_id, group_id) FROM stdin;
\.


--
-- Data for Name: auth_user_user_permissions; Type: TABLE DATA; Schema: public; Owner: postgres
--

COPY public.auth_user_user_permissions (id, user_id, permission_id) FROM stdin;
\.


--
-- Data for Name: content_achievementpage; Type: TABLE DATA; Schema: public; Owner: postgres
--

COPY public.content_achievementpage (page_ptr_id, intro, achievements) FROM stdin;
4		[{"id": "d432161f-7ffa-4ab6-a6ec-3493a10d3d00", "type": "achievement", "value": {"image": null, "title": "Major Legal & Public Interest Achievements of Forum for Fairness in Education (FFE)", "description": "<h3 data-block-key=\\"vf398\\">Protection of Students’ Right to Admission</h3><ul><li data-block-key=\\"d455e\\">Successfully filed a Writ Petition against denial of admission to a sibling child, securing admission through court intervention.</li><li data-block-key=\\"7k1el\\">Filed a Writ Petition against denial of admission to meritorious students, resulting in ₹4.60 crores compensation to 23 medical students.</li><li data-block-key=\\"4jg2f\\">Filed PILs against unauthorised and illegal admissions in junior colleges, engineering colleges, and management institutes.</li></ul>"}}, {"id": "a7f750ab-8209-402c-bb6c-e5ea0526f9d8", "type": "achievement", "value": {"image": null, "title": "Crackdown on Capitation Fees & Illegal Fee Collection", "description": "<ul><li data-block-key=\\"u1riy\\">Filed a Writ Petition against a junior college for collecting capitation fees, resulting in a refund of approximately ₹8 crores with interest.</li><li data-block-key=\\"7ufun\\">Intervened in multiple cases leading to refunds of nearly ₹20 crores by various schools.</li><li data-block-key=\\"1q85\\">Filed FIRs against schools collecting capitation fees, leading to the arrest of management members and trustees.</li><li data-block-key=\\"alhp6\\">PILs filed against international schools charging exorbitant fees under the guise of international education (matter pending).</li></ul>"}}, {"id": "209731d0-eb05-4049-8de1-0402768238fa", "type": "achievement", "value": {"image": null, "title": "Fee Regulation & Policy Reforms", "description": "<ul><li data-block-key=\\"pucf4\\">Conducted an 8-day hunger strike at Azad Maidan, which directly led to the formulation of the Maharashtra Fee Regulation Act, 2011.</li><li data-block-key=\\"6aa2t\\">Filed PILs against 31 schools for charging excessive fees.</li><li data-block-key=\\"bmh6f\\">Served as a Bansal Committee Member, appointed by the Government, to fix norms for private school fee determination.</li></ul>"}}, {"id": "7a47ff01-bd7a-45cb-a600-294ce5ff61bb", "type": "achievement", "value": {"image": null, "title": "Landmark PILs in Education Governance", "description": "<ul><li data-block-key=\\"rpk44\\">PIL filed against appointment of the Vice Chancellor of Mumbai University, resulting in cancellation of the appointment.</li><li data-block-key=\\"fgtjg\\">PIL exposed the Sarva Shiksha Abhiyan scam of ₹75 crores, leading to court-ordered inquiry and cases against those involved.</li><li data-block-key=\\"c64uv\\">Filed PILs to abolish management quota within government quota.</li><li data-block-key=\\"7n2j\\">PILs filed to regulate coaching classes in Maharashtra (government directed to regulate; pending implementation).</li></ul>"}}, {"id": "d31bdf1a-3ca2-4b89-aa40-1317e6138f39", "type": "achievement", "value": {"image": null, "title": "Safeguarding Children’s Rights & Welfare", "description": "<ul><li data-block-key=\\"5lfph\\">Cases filed before the <b>Child Rights Commission</b> resulted in favourable orders against harassment and unlawful expulsion of students.<br/></li><li data-block-key=\\"c7tli\\">Filed PIL against <b>conducting interviews for pre-primary admissions</b> (pending).<br/></li><li data-block-key=\\"6ir7m\\">Filed PIL for <b>mandatory minimum 75% attendance</b>, which was allowed by the court.<br/></li><li data-block-key=\\"12omg\\">Filed PIL limiting <b>overcrowding in classrooms</b>, reducing class size from 170+ students to a maximum of 80.</li></ul>"}}, {"id": "6690dd46-e015-448e-b853-520ddcccf4b1", "type": "achievement", "value": {"image": null, "title": "Institutional Accountability & Malpractice Exposure", "description": "<ul><li data-block-key=\\"5lfph\\">Filed PILs against <b>unauthorised schools (140 institutions)</b> operating illegally.<br/></li><li data-block-key=\\"e5mas\\">Filed nationwide PILs against <b>Institute of Mechanical Engineers (IME)</b> for issuing bogus degree certificates to thousands of students.<br/> Result: IME was <b>prohibited by the HRD Ministry</b>.<br/></li><li data-block-key=\\"dsv9g\\">PILs against medical and engineering colleges for <b>misuse of NRI quota and corruption</b>.<br/></li><li data-block-key=\\"51uds\\">PIL against catering colleges for malpractices (disposed of).</li></ul>"}}, {"id": "853ee1c0-4bf4-4677-b50b-2df0189c5c10", "type": "achievement", "value": {"image": null, "title": "Scholarships & Financial Relief for Students", "description": "<ul><li data-block-key=\\"5lfph\\">Secured <b>scholarships for 119 students (KG to Class 10)</b> from a reputed Santacruz school.<br/></li><li data-block-key=\\"9h3ri\\">Secured <b>scholarships for 35 students</b> from a reputed Bandra school.<br/></li><li data-block-key=\\"3c7mk\\">Filed WP for <b>non-refund of admission fees</b>, resulting in refund with <b>9% interest</b>.<br/></li></ul>"}}, {"id": "832fe508-7486-4cf4-aaa7-a846aced4640", "type": "achievement", "value": {"image": null, "title": "Teachers’ Rights & Educational Standards", "description": "<ul><li data-block-key=\\"5lfph\\">Led a <b>hunger strike for implementation of the 6th Pay Commission</b>, resulting in teachers receiving pending salaries.<br/></li><li data-block-key=\\"bm21r\\">PIL filed against <b>unqualified teacher appointments by the Government</b>.<br/></li><li data-block-key=\\"abm7\\">PIL against <b>teachers taking private tuitions</b>, leading to <b>expulsion of over 500 teachers</b>.<br/></li><li data-block-key=\\"90cbv\\">PIL to improve <b>infrastructure and facilities in government schools</b>.</li></ul>"}}, {"id": "773a7aa8-8195-4cb4-be5e-6ecd53af82f4", "type": "achievement", "value": {"image": null, "title": "Transport, Safety & Infrastructure", "description": "<ul><li data-block-key=\\"5lfph\\">Filed PIL in the <b>school bus strike matter</b>, resulting in a <b>statewide prohibition of bus strikes</b> in Maharashtra.<br/></li><li data-block-key=\\"341bc\\">Filed PIL against <b>forced purchase of school essentials</b> such as uniforms, books, and stationery — <b>won the case</b>.<br/></li><li data-block-key=\\"8g9m3\\">Filed PIL against <b>shifting and closure of schools</b>, successfully preventing unjustified relocations.</li></ul>"}}, {"id": "c6e8f6ee-e0d2-4d0d-9914-7a6fad04a99a", "type": "achievement", "value": {"image": null, "title": "Admissions Transparency & Reforms", "description": "<ul><li data-block-key=\\"5lfph\\">Intervention petition filed regarding <b>Best Five subjects and percentile system for Class 11 admissions</b>.<br/></li><li data-block-key=\\"aprk5\\">WP in engineering admissions advocating for <b>single CET system</b>.<br/></li><li data-block-key=\\"4aliv\\">PILs for <b>centralised and online admissions</b> across colleges.<br/></li><li data-block-key=\\"2tav0\\">PIL against colleges admitting <b>30 extra students illegally</b>.</li></ul>"}}, {"id": "1778cb68-efe4-4c3b-a291-c1ef659e6934", "type": "achievement", "value": {"image": null, "title": "RTI Advocacy & Awareness", "description": "<ul><li data-block-key=\\"5lfph\\">Filed numerous <b>RTI applications</b> to expose corruption.<br/></li><li data-block-key=\\"5o91u\\">Conducted <b>RTI seminars</b> to educate parents and stakeholders on their rights.<br/></li><li data-block-key=\\"4og4k\\">PIL filed against <b>quashing of Maharashtra RTI Act (PIL 550/2001)</b>.</li></ul>"}}, {"id": "dec3f31c-f251-472a-b041-9e899eebf954", "type": "achievement", "value": {"image": null, "title": "Public Movements & Grassroots Action", "description": "<ul><li data-block-key=\\"5lfph\\">Organised <b>hunger strikes, protests, rasta roko movements</b>, and formal representations to authorities.<br/></li><li data-block-key=\\"f89rj\\">Successfully resolved <b>many disputes amicably</b> through dialogue with school managements.<br/></li><li data-block-key=\\"5ofak\\">Supported <b>genuine schools</b> in litigation where parents’ claims were unfounded, securing favourable High Court orders.</li></ul>"}}, {"id": "c437fe36-5421-4c39-81a9-7f30a189d1ec", "type": "achievement", "value": {"image": null, "title": "Ongoing & Continuing Efforts", "description": "<ul><li data-block-key=\\"5lfph\\">PILs in Supreme Court to expedite High Court hearings.<br/></li><li data-block-key=\\"1s6ah\\">PIL to stop astrology as an academic subject (dismissed).<br/></li><li data-block-key=\\"j1cs\\">PIL for pre-primary regulation (disposed of).<br/></li><li data-block-key=\\"4q04q\\">PIL against international schools’ fee practices (pending).<br/></li></ul>"}}, {"id": "fb6d992f-f28d-47ef-bcbe-5225a2c586cb", "type": "achievement", "value": {"image": null, "title": "Legacy", "description": "<p data-block-key=\\"5lfph\\"><b>Forum for Fairness in Education (FFE)</b> has consistently fought for transparency, fairness, accountability, and justice in the education system through <b>hundreds of legal interventions, policy reforms, and public movements</b> — many of which have shaped Maharashtra’s education landscape.</p>"}}]
\.


--
-- Data for Name: content_homepage; Type: TABLE DATA; Schema: public; Owner: postgres
--

COPY public.content_homepage (page_ptr_id) FROM stdin;
\.


--
-- Data for Name: content_simplepage; Type: TABLE DATA; Schema: public; Owner: postgres
--

COPY public.content_simplepage (page_ptr_id, body) FROM stdin;
3	<p data-block-key="ys35b">faq</p>
\.


--
-- Data for Name: django_admin_log; Type: TABLE DATA; Schema: public; Owner: postgres
--

COPY public.django_admin_log (id, action_time, object_id, object_repr, action_flag, change_message, content_type_id, user_id) FROM stdin;
\.


--
-- Data for Name: django_content_type; Type: TABLE DATA; Schema: public; Owner: postgres
--

COPY public.django_content_type (id, app_label, model) FROM stdin;
1	wagtailcore	page
2	wagtailcore	groupapprovaltask
3	wagtailcore	locale
4	wagtailcore	site
5	wagtailcore	modellogentry
6	wagtailcore	collectionviewrestriction
7	wagtailcore	collection
8	wagtailcore	groupcollectionpermission
9	wagtailcore	uploadedfile
10	wagtailcore	referenceindex
11	wagtailcore	revision
12	wagtailcore	grouppagepermission
13	wagtailcore	pageviewrestriction
14	wagtailcore	workflowpage
15	wagtailcore	workflowcontenttype
16	wagtailcore	workflowtask
17	wagtailcore	task
18	wagtailcore	workflow
19	wagtailcore	workflowstate
20	wagtailcore	taskstate
21	wagtailcore	pagelogentry
22	wagtailcore	comment
23	wagtailcore	commentreply
24	wagtailcore	pagesubscription
25	wagtailadmin	admin
26	wagtaildocs	document
27	wagtailimages	image
28	admin	logentry
29	auth	permission
30	auth	group
31	auth	user
32	contenttypes	contenttype
33	sessions	session
34	wagtailforms	formsubmission
35	wagtailredirects	redirect
36	wagtailembeds	embed
37	wagtailusers	userprofile
38	wagtailimages	rendition
39	wagtailsearch	indexentry
40	wagtailadmin	editingsession
41	taggit	tag
42	taggit	taggeditem
43	content	simplepage
44	content	achievementpage
45	content	homepage
\.


--
-- Data for Name: django_migrations; Type: TABLE DATA; Schema: public; Owner: postgres
--

COPY public.django_migrations (id, app, name, applied) FROM stdin;
1	contenttypes	0001_initial	2026-01-21 15:11:26.014493+05:30
2	auth	0001_initial	2026-01-21 15:11:26.106574+05:30
3	admin	0001_initial	2026-01-21 15:11:26.130945+05:30
4	admin	0002_logentry_remove_auto_add	2026-01-21 15:11:26.142635+05:30
5	admin	0003_logentry_add_action_flag_choices	2026-01-21 15:11:26.151339+05:30
6	contenttypes	0002_remove_content_type_name	2026-01-21 15:11:26.17571+05:30
7	auth	0002_alter_permission_name_max_length	2026-01-21 15:11:26.189995+05:30
8	auth	0003_alter_user_email_max_length	2026-01-21 15:11:26.200978+05:30
9	auth	0004_alter_user_username_opts	2026-01-21 15:11:26.212895+05:30
10	auth	0005_alter_user_last_login_null	2026-01-21 15:11:26.225113+05:30
11	auth	0006_require_contenttypes_0002	2026-01-21 15:11:26.227456+05:30
12	auth	0007_alter_validators_add_error_messages	2026-01-21 15:11:26.238691+05:30
13	auth	0008_alter_user_username_max_length	2026-01-21 15:11:26.255364+05:30
14	auth	0009_alter_user_last_name_max_length	2026-01-21 15:11:26.267675+05:30
15	auth	0010_alter_group_name_max_length	2026-01-21 15:11:26.282656+05:30
16	auth	0011_update_proxy_permissions	2026-01-21 15:11:26.29427+05:30
17	auth	0012_alter_user_first_name_max_length	2026-01-21 15:11:26.309072+05:30
18	wagtailcore	0001_initial	2026-01-21 15:11:26.540638+05:30
19	wagtailcore	0002_initial_data	2026-01-21 15:11:26.542061+05:30
20	wagtailcore	0003_add_uniqueness_constraint_on_group_page_permission	2026-01-21 15:11:26.542988+05:30
21	wagtailcore	0004_page_locked	2026-01-21 15:11:26.543785+05:30
22	wagtailcore	0005_add_page_lock_permission_to_moderators	2026-01-21 15:11:26.544684+05:30
23	wagtailcore	0006_add_lock_page_permission	2026-01-21 15:11:26.545657+05:30
24	wagtailcore	0007_page_latest_revision_created_at	2026-01-21 15:11:26.546674+05:30
25	wagtailcore	0008_populate_latest_revision_created_at	2026-01-21 15:11:26.547667+05:30
26	wagtailcore	0009_remove_auto_now_add_from_pagerevision_created_at	2026-01-21 15:11:26.548597+05:30
27	wagtailcore	0010_change_page_owner_to_null_on_delete	2026-01-21 15:11:26.549511+05:30
28	wagtailcore	0011_page_first_published_at	2026-01-21 15:11:26.55035+05:30
29	wagtailcore	0012_extend_page_slug_field	2026-01-21 15:11:26.552639+05:30
30	wagtailcore	0013_update_golive_expire_help_text	2026-01-21 15:11:26.553714+05:30
31	wagtailcore	0014_add_verbose_name	2026-01-21 15:11:26.554875+05:30
32	wagtailcore	0015_add_more_verbose_names	2026-01-21 15:11:26.556006+05:30
33	wagtailcore	0016_change_page_url_path_to_text_field	2026-01-21 15:11:26.556998+05:30
34	wagtailcore	0017_change_edit_page_permission_description	2026-01-21 15:11:26.567911+05:30
35	wagtailcore	0018_pagerevision_submitted_for_moderation_index	2026-01-21 15:11:26.585003+05:30
36	wagtailcore	0019_verbose_names_cleanup	2026-01-21 15:11:26.641392+05:30
37	wagtailcore	0020_add_index_on_page_first_published_at	2026-01-21 15:11:26.659948+05:30
38	wagtailcore	0021_capitalizeverbose	2026-01-21 15:11:27.143477+05:30
39	wagtailcore	0022_add_site_name	2026-01-21 15:11:27.163739+05:30
40	wagtailcore	0023_alter_page_revision_on_delete_behaviour	2026-01-21 15:11:27.206882+05:30
41	wagtailcore	0024_collection	2026-01-21 15:11:27.231687+05:30
42	wagtailcore	0025_collection_initial_data	2026-01-21 15:11:27.252757+05:30
43	wagtailcore	0026_group_collection_permission	2026-01-21 15:11:27.311457+05:30
44	wagtailcore	0027_fix_collection_path_collation	2026-01-21 15:11:27.334122+05:30
45	wagtailcore	0024_alter_page_content_type_on_delete_behaviour	2026-01-21 15:11:27.358325+05:30
46	wagtailcore	0028_merge	2026-01-21 15:11:27.361884+05:30
47	wagtailcore	0029_unicode_slugfield_dj19	2026-01-21 15:11:27.389007+05:30
48	wagtailcore	0030_index_on_pagerevision_created_at	2026-01-21 15:11:27.418047+05:30
49	wagtailcore	0031_add_page_view_restriction_types	2026-01-21 15:11:27.480562+05:30
50	wagtailcore	0032_add_bulk_delete_page_permission	2026-01-21 15:11:27.496787+05:30
51	wagtailcore	0033_remove_golive_expiry_help_text	2026-01-21 15:11:27.528665+05:30
52	wagtailcore	0034_page_live_revision	2026-01-21 15:11:27.553128+05:30
53	wagtailcore	0035_page_last_published_at	2026-01-21 15:11:27.57423+05:30
54	wagtailcore	0036_populate_page_last_published_at	2026-01-21 15:11:27.598639+05:30
55	wagtailcore	0037_set_page_owner_editable	2026-01-21 15:11:27.617613+05:30
56	wagtailcore	0038_make_first_published_at_editable	2026-01-21 15:11:27.63634+05:30
57	wagtailcore	0039_collectionviewrestriction	2026-01-21 15:11:27.698701+05:30
58	wagtailcore	0040_page_draft_title	2026-01-21 15:11:27.726141+05:30
59	wagtailcore	0041_group_collection_permissions_verbose_name_plural	2026-01-21 15:11:27.741544+05:30
60	wagtailcore	0042_index_on_pagerevision_approved_go_live_at	2026-01-21 15:11:27.764082+05:30
61	wagtailcore	0043_lock_fields	2026-01-21 15:11:27.871686+05:30
62	wagtailcore	0044_add_unlock_grouppagepermission	2026-01-21 15:11:27.885899+05:30
63	wagtailcore	0045_assign_unlock_grouppagepermission	2026-01-21 15:11:27.915068+05:30
64	wagtailcore	0046_site_name_remove_null	2026-01-21 15:11:27.944696+05:30
65	wagtailcore	0047_add_workflow_models	2026-01-21 15:11:28.219708+05:30
66	wagtailcore	0048_add_default_workflows	2026-01-21 15:11:28.275977+05:30
67	wagtailcore	0049_taskstate_finished_by	2026-01-21 15:11:28.305283+05:30
68	wagtailcore	0050_workflow_rejected_to_needs_changes	2026-01-21 15:11:28.371367+05:30
69	wagtailcore	0051_taskstate_comment	2026-01-21 15:11:28.391407+05:30
70	wagtailcore	0052_pagelogentry	2026-01-21 15:11:28.452475+05:30
71	wagtailcore	0053_locale_model	2026-01-21 15:11:28.463045+05:30
72	wagtailcore	0054_initial_locale	2026-01-21 15:11:28.502569+05:30
73	wagtailcore	0055_page_locale_fields	2026-01-21 15:11:28.597654+05:30
74	wagtailcore	0056_page_locale_fields_populate	2026-01-21 15:11:28.635517+05:30
75	wagtailcore	0057_page_locale_fields_notnull	2026-01-21 15:11:28.710519+05:30
76	wagtailcore	0058_page_alias_of	2026-01-21 15:11:28.755834+05:30
77	wagtailcore	0059_apply_collection_ordering	2026-01-21 15:11:28.793552+05:30
78	wagtailcore	0060_fix_workflow_unique_constraint	2026-01-21 15:11:28.852252+05:30
79	wagtailcore	0061_change_promote_tab_helpt_text_and_verbose_names	2026-01-21 15:11:28.902757+05:30
80	wagtailcore	0062_comment_models_and_pagesubscription	2026-01-21 15:11:29.131453+05:30
81	wagtailcore	0063_modellogentry	2026-01-21 15:11:29.190442+05:30
82	wagtailcore	0064_log_timestamp_indexes	2026-01-21 15:11:29.24755+05:30
83	wagtailcore	0065_log_entry_uuid	2026-01-21 15:11:29.301456+05:30
84	wagtailcore	0066_collection_management_permissions	2026-01-21 15:11:29.345222+05:30
85	wagtailcore	0067_alter_pagerevision_content_json	2026-01-21 15:11:29.417798+05:30
86	wagtailcore	0068_log_entry_empty_object	2026-01-21 15:11:29.455329+05:30
87	wagtailcore	0069_log_entry_jsonfield	2026-01-21 15:11:29.580783+05:30
88	wagtailcore	0070_rename_pagerevision_revision	2026-01-21 15:11:29.833089+05:30
89	wagtailcore	0071_populate_revision_content_type	2026-01-21 15:11:29.866969+05:30
90	wagtailcore	0072_alter_revision_content_type_notnull	2026-01-21 15:11:30.004252+05:30
91	wagtailcore	0073_page_latest_revision	2026-01-21 15:11:30.040417+05:30
92	wagtailcore	0074_revision_object_str	2026-01-21 15:11:30.062979+05:30
93	wagtailcore	0075_populate_latest_revision_and_revision_object_str	2026-01-21 15:11:30.127237+05:30
94	wagtailcore	0076_modellogentry_revision	2026-01-21 15:11:30.162364+05:30
95	wagtailcore	0077_alter_revision_user	2026-01-21 15:11:30.197266+05:30
96	wagtailcore	0078_referenceindex	2026-01-21 15:11:30.251978+05:30
97	wagtailcore	0079_rename_taskstate_page_revision	2026-01-21 15:11:30.293589+05:30
98	wagtailcore	0080_generic_workflowstate	2026-01-21 15:11:30.480195+05:30
99	wagtailcore	0081_populate_workflowstate_content_type	2026-01-21 15:11:30.516425+05:30
100	wagtailcore	0082_alter_workflowstate_content_type_notnull	2026-01-21 15:11:30.592973+05:30
101	wagtailcore	0083_workflowcontenttype	2026-01-21 15:11:30.633987+05:30
102	wagtailcore	0084_add_default_page_permissions	2026-01-21 15:11:30.667565+05:30
103	wagtailcore	0085_add_grouppagepermission_permission	2026-01-21 15:11:30.800288+05:30
104	wagtailcore	0086_populate_grouppagepermission_permission	2026-01-21 15:11:30.873453+05:30
105	wagtailcore	0087_alter_grouppagepermission_unique_together_and_more	2026-01-21 15:11:30.961957+05:30
106	wagtailcore	0088_fix_log_entry_json_timestamps	2026-01-21 15:11:31.046033+05:30
107	wagtailcore	0089_log_entry_data_json_null_to_object	2026-01-21 15:11:31.082633+05:30
108	wagtailcore	0090_remove_grouppagepermission_permission_type	2026-01-21 15:11:31.175559+05:30
109	wagtailcore	0091_remove_revision_submitted_for_moderation	2026-01-21 15:11:31.199488+05:30
110	wagtailcore	0092_alter_collectionviewrestriction_password_and_more	2026-01-21 15:11:31.271889+05:30
111	wagtailcore	0093_uploadedfile	2026-01-21 15:11:31.316427+05:30
112	wagtailcore	0094_alter_page_locale	2026-01-21 15:11:31.348007+05:30
113	content	0001_initial	2026-01-21 15:11:31.398704+05:30
114	content	0002_achievementpage	2026-01-21 15:11:31.449052+05:30
115	content	0003_homepage	2026-01-21 15:11:31.49003+05:30
116	content	0004_remove_achievementpage_body_and_more	2026-01-21 15:11:31.535068+05:30
117	content	0005_alter_achievementpage_achievements	2026-01-21 15:11:31.653621+05:30
118	content	0006_alter_achievementpage_achievements	2026-01-21 15:11:31.679311+05:30
119	sessions	0001_initial	2026-01-21 15:11:31.693177+05:30
120	taggit	0001_initial	2026-01-21 15:11:31.76193+05:30
121	taggit	0002_auto_20150616_2121	2026-01-21 15:11:31.779976+05:30
122	taggit	0003_taggeditem_add_unique_index	2026-01-21 15:11:31.800706+05:30
123	taggit	0004_alter_taggeditem_content_type_alter_taggeditem_tag	2026-01-21 15:11:31.876362+05:30
124	taggit	0005_auto_20220424_2025	2026-01-21 15:11:31.881194+05:30
125	taggit	0006_rename_taggeditem_content_type_object_id_taggit_tagg_content_8fc721_idx	2026-01-21 15:11:31.922341+05:30
126	wagtailadmin	0001_create_admin_access_permissions	2026-01-21 15:11:31.968472+05:30
127	wagtailadmin	0002_admin	2026-01-21 15:11:31.971982+05:30
128	wagtailadmin	0003_admin_managed	2026-01-21 15:11:31.978224+05:30
129	wagtailadmin	0004_editingsession	2026-01-21 15:11:32.03012+05:30
130	wagtailadmin	0005_editingsession_is_editing	2026-01-21 15:11:32.054057+05:30
131	wagtaildocs	0001_initial	2026-01-21 15:11:32.110059+05:30
132	wagtaildocs	0002_initial_data	2026-01-21 15:11:32.164573+05:30
133	wagtaildocs	0003_add_verbose_names	2026-01-21 15:11:32.269592+05:30
134	wagtaildocs	0004_capitalizeverbose	2026-01-21 15:11:32.429844+05:30
135	wagtaildocs	0005_document_collection	2026-01-21 15:11:32.4832+05:30
136	wagtaildocs	0006_copy_document_permissions_to_collections	2026-01-21 15:11:32.638081+05:30
137	wagtaildocs	0005_alter_uploaded_by_user_on_delete_action	2026-01-21 15:11:32.683972+05:30
138	wagtaildocs	0007_merge	2026-01-21 15:11:32.687651+05:30
139	wagtaildocs	0008_document_file_size	2026-01-21 15:11:32.722919+05:30
140	wagtaildocs	0009_document_verbose_name_plural	2026-01-21 15:11:32.749123+05:30
141	wagtaildocs	0010_document_file_hash	2026-01-21 15:11:32.7865+05:30
142	wagtaildocs	0011_add_choose_permissions	2026-01-21 15:11:32.893542+05:30
143	wagtaildocs	0012_uploadeddocument	2026-01-21 15:11:32.941736+05:30
144	wagtaildocs	0013_delete_uploadeddocument	2026-01-21 15:11:32.945459+05:30
145	wagtaildocs	0014_alter_document_file_size	2026-01-21 15:11:32.981912+05:30
146	wagtailembeds	0001_initial	2026-01-21 15:11:33.000291+05:30
147	wagtailembeds	0002_add_verbose_names	2026-01-21 15:11:33.006544+05:30
148	wagtailembeds	0003_capitalizeverbose	2026-01-21 15:11:33.011282+05:30
149	wagtailembeds	0004_embed_verbose_name_plural	2026-01-21 15:11:33.01542+05:30
150	wagtailembeds	0005_specify_thumbnail_url_max_length	2026-01-21 15:11:33.02266+05:30
151	wagtailembeds	0006_add_embed_hash	2026-01-21 15:11:33.030719+05:30
152	wagtailembeds	0007_populate_hash	2026-01-21 15:11:33.082561+05:30
153	wagtailembeds	0008_allow_long_urls	2026-01-21 15:11:33.117909+05:30
154	wagtailembeds	0009_embed_cache_until	2026-01-21 15:11:33.127356+05:30
155	wagtailforms	0001_initial	2026-01-21 15:11:33.18055+05:30
156	wagtailforms	0002_add_verbose_names	2026-01-21 15:11:33.225409+05:30
157	wagtailforms	0003_capitalizeverbose	2026-01-21 15:11:33.267574+05:30
158	wagtailforms	0004_add_verbose_name_plural	2026-01-21 15:11:33.294111+05:30
159	wagtailforms	0005_alter_formsubmission_form_data	2026-01-21 15:11:33.323365+05:30
160	wagtailimages	0001_initial	2026-01-21 15:11:33.582269+05:30
161	wagtailimages	0002_initial_data	2026-01-21 15:11:33.583474+05:30
162	wagtailimages	0003_fix_focal_point_fields	2026-01-21 15:11:33.584472+05:30
163	wagtailimages	0004_make_focal_point_key_not_nullable	2026-01-21 15:11:33.585407+05:30
164	wagtailimages	0005_make_filter_spec_unique	2026-01-21 15:11:33.58647+05:30
165	wagtailimages	0006_add_verbose_names	2026-01-21 15:11:33.587576+05:30
166	wagtailimages	0007_image_file_size	2026-01-21 15:11:33.588598+05:30
167	wagtailimages	0008_image_created_at_index	2026-01-21 15:11:33.589591+05:30
168	wagtailimages	0009_capitalizeverbose	2026-01-21 15:11:33.590465+05:30
169	wagtailimages	0010_change_on_delete_behaviour	2026-01-21 15:11:33.59129+05:30
170	wagtailimages	0011_image_collection	2026-01-21 15:11:33.591999+05:30
171	wagtailimages	0012_copy_image_permissions_to_collections	2026-01-21 15:11:33.592758+05:30
172	wagtailimages	0013_make_rendition_upload_callable	2026-01-21 15:11:33.593651+05:30
173	wagtailimages	0014_add_filter_spec_field	2026-01-21 15:11:33.594571+05:30
174	wagtailimages	0015_fill_filter_spec_field	2026-01-21 15:11:33.595391+05:30
175	wagtailimages	0016_deprecate_rendition_filter_relation	2026-01-21 15:11:33.59618+05:30
176	wagtailimages	0017_reduce_focal_point_key_max_length	2026-01-21 15:11:33.597154+05:30
177	wagtailimages	0018_remove_rendition_filter	2026-01-21 15:11:33.598169+05:30
178	wagtailimages	0019_delete_filter	2026-01-21 15:11:33.599012+05:30
179	wagtailimages	0020_add-verbose-name	2026-01-21 15:11:33.599797+05:30
180	wagtailimages	0021_image_file_hash	2026-01-21 15:11:33.600527+05:30
181	wagtailimages	0022_uploadedimage	2026-01-21 15:11:33.658481+05:30
182	wagtailimages	0023_add_choose_permissions	2026-01-21 15:11:33.784727+05:30
183	wagtailimages	0024_index_image_file_hash	2026-01-21 15:11:33.825114+05:30
184	wagtailimages	0025_alter_image_file_alter_rendition_file	2026-01-21 15:11:33.88533+05:30
185	wagtailimages	0026_delete_uploadedimage	2026-01-21 15:11:33.897269+05:30
186	wagtailimages	0027_image_description	2026-01-21 15:11:33.954716+05:30
187	wagtailredirects	0001_initial	2026-01-21 15:11:34.010801+05:30
188	wagtailredirects	0002_add_verbose_names	2026-01-21 15:11:34.07147+05:30
189	wagtailredirects	0003_make_site_field_editable	2026-01-21 15:11:34.115961+05:30
190	wagtailredirects	0004_set_unique_on_path_and_site	2026-01-21 15:11:34.16899+05:30
191	wagtailredirects	0005_capitalizeverbose	2026-01-21 15:11:34.295526+05:30
192	wagtailredirects	0006_redirect_increase_max_length	2026-01-21 15:11:34.319282+05:30
193	wagtailredirects	0007_add_autocreate_fields	2026-01-21 15:11:34.396198+05:30
194	wagtailredirects	0008_add_verbose_name_plural	2026-01-21 15:11:34.517728+05:30
195	wagtailsearch	0001_initial	2026-01-21 15:11:34.61887+05:30
196	wagtailsearch	0002_add_verbose_names	2026-01-21 15:11:34.701982+05:30
197	wagtailsearch	0003_remove_editors_pick	2026-01-21 15:11:34.703933+05:30
198	wagtailsearch	0004_querydailyhits_verbose_name_plural	2026-01-21 15:11:34.708304+05:30
199	wagtailsearch	0005_create_indexentry	2026-01-21 15:11:34.78163+05:30
200	wagtailsearch	0006_customise_indexentry	2026-01-21 15:11:34.883611+05:30
201	wagtailsearch	0007_delete_editorspick	2026-01-21 15:11:34.891596+05:30
202	wagtailsearch	0008_remove_query_and_querydailyhits_models	2026-01-21 15:11:34.924074+05:30
203	wagtailusers	0001_initial	2026-01-21 15:11:34.983088+05:30
204	wagtailusers	0002_add_verbose_name_on_userprofile	2026-01-21 15:11:35.047843+05:30
205	wagtailusers	0003_add_verbose_names	2026-01-21 15:11:35.078846+05:30
206	wagtailusers	0004_capitalizeverbose	2026-01-21 15:11:35.170142+05:30
207	wagtailusers	0005_make_related_name_wagtail_specific	2026-01-21 15:11:35.224683+05:30
208	wagtailusers	0006_userprofile_prefered_language	2026-01-21 15:11:35.255491+05:30
209	wagtailusers	0007_userprofile_current_time_zone	2026-01-21 15:11:35.374917+05:30
210	wagtailusers	0008_userprofile_avatar	2026-01-21 15:11:35.407145+05:30
211	wagtailusers	0009_userprofile_verbose_name_plural	2026-01-21 15:11:35.44209+05:30
212	wagtailusers	0010_userprofile_updated_comments_notifications	2026-01-21 15:11:35.48034+05:30
213	wagtailusers	0011_userprofile_dismissibles	2026-01-21 15:11:35.515118+05:30
214	wagtailusers	0012_userprofile_theme	2026-01-21 15:11:35.549417+05:30
215	wagtailusers	0013_userprofile_density	2026-01-21 15:11:35.582591+05:30
216	wagtailusers	0014_userprofile_contrast	2026-01-21 15:11:35.61518+05:30
217	wagtailimages	0001_squashed_0021	2026-01-21 15:11:35.626525+05:30
218	wagtailcore	0001_squashed_0016_change_page_url_path_to_text_field	2026-01-21 15:11:35.628043+05:30
\.


--
-- Data for Name: django_session; Type: TABLE DATA; Schema: public; Owner: postgres
--

COPY public.django_session (session_key, session_data, expire_date) FROM stdin;
ge5jutyhzlxdjj34ncs4xv7mgj0o3g81	.eJxVjMsOgjAURP-la9P0QR-wdO83NLfci1RNSygkGuO_CwkL3cxi5sx5swDrMoa10hwSso5JdvrtIvR3yvuAN8jXwvuSlzlFviP8WCu_FKTH-WD_BCPUcXt78L6XeksVByEbYREHQNF4a8QgI3itNHljWnLoKLagjZBWGaMatM7t0kq1ppIDPac0v1gnPl9uKT5V:1viUpW:CpBD99L5ZCAxGpoYqtGXloqTK4HjoLEUUpQULrzesNA	2026-02-04 15:18:50.4079+05:30
2vjt44g1b8z07kog737nr27ixeoy4jrx	.eJxVjMEOwiAQBf-FsyEUWgo9evcbCAu7FjXQlDbRGP_dNulBrzPz3ps5vy6jWyvOLkU2sIadfhn4cMe8i3jz-Vp4KHmZE_A94Yet_FIiPs5H-3cw-jpu6w6MENCZFq3sidrG9CogGgMbsEFaidr3XbCaBAmFSFqQAilbrSCS308r1ppKdvic0vxig_h8AYgvP1Y:1vgK0F:GX_spwaAiIkahbs8358puFnavCdwNtY5c3tsfGx1fRE	2026-01-29 15:20:55.662+05:30
bujs4d7vpw15luuhbn7dd34u12qz8fog	.eJxVjMEOwiAQBf-FsyEUWgo9evcbCAu7FjXQlDbRGP_dNulBrzPz3ps5vy6jWyvOLkU2sIadfhn4cMe8i3jz-Vp4KHmZE_A94Yet_FIiPs5H-3cw-jpu6w6MENCZFq3sidrG9CogGgMbsEFaidr3XbCaBAmFSFqQAilbrSCS308r1ppKdvic0vxig_h8AYgvP1Y:1viV6c:wcBIEXapjrJYWCfmfKANIf4lSlxSCSY07xGZBkdBwGw	2026-02-04 15:36:30.763+05:30
\.


--
-- Data for Name: spatial_ref_sys; Type: TABLE DATA; Schema: public; Owner: postgres
--

COPY public.spatial_ref_sys (srid, auth_name, auth_srid, srtext, proj4text) FROM stdin;
\.


--
-- Data for Name: taggit_tag; Type: TABLE DATA; Schema: public; Owner: postgres
--

COPY public.taggit_tag (id, name, slug) FROM stdin;
\.


--
-- Data for Name: taggit_taggeditem; Type: TABLE DATA; Schema: public; Owner: postgres
--

COPY public.taggit_taggeditem (id, object_id, content_type_id, tag_id) FROM stdin;
\.


--
-- Data for Name: wagtailadmin_admin; Type: TABLE DATA; Schema: public; Owner: postgres
--

COPY public.wagtailadmin_admin (id) FROM stdin;
\.


--
-- Data for Name: wagtailadmin_editingsession; Type: TABLE DATA; Schema: public; Owner: postgres
--

COPY public.wagtailadmin_editingsession (id, object_id, last_seen_at, content_type_id, user_id, is_editing) FROM stdin;
\.


--
-- Data for Name: wagtailcore_collection; Type: TABLE DATA; Schema: public; Owner: postgres
--

COPY public.wagtailcore_collection (id, path, depth, numchild, name) FROM stdin;
1	0001	1	0	Root
\.


--
-- Data for Name: wagtailcore_collectionviewrestriction; Type: TABLE DATA; Schema: public; Owner: postgres
--

COPY public.wagtailcore_collectionviewrestriction (id, restriction_type, password, collection_id) FROM stdin;
\.


--
-- Data for Name: wagtailcore_collectionviewrestriction_groups; Type: TABLE DATA; Schema: public; Owner: postgres
--

COPY public.wagtailcore_collectionviewrestriction_groups (id, collectionviewrestriction_id, group_id) FROM stdin;
\.


--
-- Data for Name: wagtailcore_comment; Type: TABLE DATA; Schema: public; Owner: postgres
--

COPY public.wagtailcore_comment (id, text, contentpath, "position", created_at, updated_at, resolved_at, page_id, resolved_by_id, revision_created_id, user_id) FROM stdin;
\.


--
-- Data for Name: wagtailcore_commentreply; Type: TABLE DATA; Schema: public; Owner: postgres
--

COPY public.wagtailcore_commentreply (id, text, created_at, updated_at, comment_id, user_id) FROM stdin;
\.


--
-- Data for Name: wagtailcore_groupapprovaltask; Type: TABLE DATA; Schema: public; Owner: postgres
--

COPY public.wagtailcore_groupapprovaltask (task_ptr_id) FROM stdin;
1
\.


--
-- Data for Name: wagtailcore_groupapprovaltask_groups; Type: TABLE DATA; Schema: public; Owner: postgres
--

COPY public.wagtailcore_groupapprovaltask_groups (id, groupapprovaltask_id, group_id) FROM stdin;
1	1	1
\.


--
-- Data for Name: wagtailcore_groupcollectionpermission; Type: TABLE DATA; Schema: public; Owner: postgres
--

COPY public.wagtailcore_groupcollectionpermission (id, collection_id, group_id, permission_id) FROM stdin;
2	1	2	102
1	1	1	102
4	1	2	103
3	1	1	103
6	1	2	105
5	1	1	105
8	1	2	106
7	1	1	106
10	1	2	107
9	1	1	107
12	1	2	109
11	1	1	109
\.


--
-- Data for Name: wagtailcore_grouppagepermission; Type: TABLE DATA; Schema: public; Owner: postgres
--

COPY public.wagtailcore_grouppagepermission (id, group_id, page_id, permission_id) FROM stdin;
1	1	1	33
2	1	1	34
3	1	1	39
4	2	1	33
5	2	1	34
6	1	1	38
7	1	1	40
\.


--
-- Data for Name: wagtailcore_locale; Type: TABLE DATA; Schema: public; Owner: postgres
--

COPY public.wagtailcore_locale (id, language_code) FROM stdin;
1	en
\.


--
-- Data for Name: wagtailcore_modellogentry; Type: TABLE DATA; Schema: public; Owner: postgres
--

COPY public.wagtailcore_modellogentry (id, label, action, data, "timestamp", content_changed, deleted, object_id, content_type_id, user_id, uuid, revision_id) FROM stdin;
1	localhost:8000 [default]	wagtail.edit	{}	2026-01-15 12:57:40.858+05:30	t	f	1	4	1	cddc2871-7d60-48c0-8d40-44637215d97e	\N
\.


--
-- Data for Name: wagtailcore_page; Type: TABLE DATA; Schema: public; Owner: postgres
--

COPY public.wagtailcore_page (id, path, depth, numchild, title, slug, live, has_unpublished_changes, url_path, seo_title, show_in_menus, search_description, go_live_at, expire_at, expired, content_type_id, owner_id, locked, latest_revision_created_at, first_published_at, live_revision_id, last_published_at, draft_title, locked_at, locked_by_id, translation_key, locale_id, alias_of_id, latest_revision_id) FROM stdin;
1	0001	1	1	Root	root	t	f	/		f		\N	\N	f	1	\N	f	2026-01-21 15:43:31.206101+05:30	2026-01-21 15:42:42.483094+05:30	32	2026-01-21 15:43:31.24138+05:30	Root	\N	\N	9de35645-6cf7-48a2-956a-3e7bb8365c26	1	\N	32
2	00010001	2	2	Home	home	t	f	/home/		f		\N	\N	f	1	\N	f	2026-01-21 15:43:31.283839+05:30	2026-01-15 12:56:54.786+05:30	33	2026-01-21 15:43:31.306699+05:30	Home	\N	\N	243739fb-2238-4aae-b401-bec98c766b83	1	\N	33
3	000100010001	3	0	FAQ	faq	t	f	/home/faq/		f		\N	\N	f	43	1	f	2026-01-21 15:43:31.355112+05:30	2026-01-15 13:22:16.706+05:30	34	2026-01-21 15:43:31.38139+05:30	FAQ	\N	\N	30a4fa0a-5a70-479c-9b59-daffd8d3a723	1	\N	34
4	000100010002	3	0	Achievements	achievements	t	f	/home/achievements/		f		\N	\N	f	44	1	f	2026-01-21 15:43:31.434629+05:30	2026-01-15 13:21:59.299+05:30	35	2026-01-21 15:43:31.462222+05:30	Achievements	\N	\N	2c730553-906c-4cb0-8f38-ee8e619cfe6c	1	\N	35
\.


--
-- Data for Name: wagtailcore_pagelogentry; Type: TABLE DATA; Schema: public; Owner: postgres
--

COPY public.wagtailcore_pagelogentry (id, label, action, data, "timestamp", content_changed, deleted, content_type_id, page_id, revision_id, user_id, uuid) FROM stdin;
1	Home	wagtail.edit	{}	2026-01-15 12:56:47.709+05:30	t	f	1	2	1	1	8b1857e8-d501-4b00-a5e1-e1c36c852727
2	Home	wagtail.edit	{}	2026-01-15 12:56:54.774+05:30	t	f	1	2	2	1	0dfc84e5-3e0e-4384-b78d-d79bfc08843c
3	Home	wagtail.rename	{"title": {"new": "Home", "old": "Welcome to your new Wagtail site!"}}	2026-01-15 12:56:54.812+05:30	f	f	1	2	2	1	0dfc84e5-3e0e-4384-b78d-d79bfc08843c
4	Home	wagtail.publish	{"title": {"new": "Home", "old": "Welcome to your new Wagtail site!"}}	2026-01-15 12:56:54.817+05:30	f	f	1	2	2	1	0dfc84e5-3e0e-4384-b78d-d79bfc08843c
5	FAQ	wagtail.create	{}	2026-01-15 13:01:13.153+05:30	t	f	43	3	\N	1	77196fcf-0707-4521-b296-256080f30085
6	FAQ	wagtail.edit	{}	2026-01-15 13:01:13.2+05:30	t	f	43	3	3	1	77196fcf-0707-4521-b296-256080f30085
7	Achievements	wagtail.create	{}	2026-01-15 13:02:05.677+05:30	t	f	44	4	\N	1	f92fa508-aeb3-4cae-b078-680ca73ecaec
8	Achievements	wagtail.edit	{}	2026-01-15 13:02:05.722+05:30	t	f	44	4	4	1	f92fa508-aeb3-4cae-b078-680ca73ecaec
9	Achievements	wagtail.create	{}	2026-01-15 13:03:04.034+05:30	t	f	44	5	\N	1	3d6940bd-2b5a-4523-9d0c-c5cf090cd761
10	Achievements	wagtail.edit	{}	2026-01-15 13:03:04.089+05:30	t	f	44	5	5	1	3d6940bd-2b5a-4523-9d0c-c5cf090cd761
11	Achievements	wagtail.delete	{}	2026-01-15 13:03:19.77+05:30	f	t	44	5	\N	1	fead2f84-c827-4450-a0f8-acd63c7b857e
12	Achievements	wagtail.edit	{}	2026-01-15 13:21:59.283+05:30	t	f	44	4	6	1	7469847e-45e4-458c-a83e-009c8bad3468
13	Achievements	wagtail.publish	{}	2026-01-15 13:21:59.333+05:30	f	f	44	4	6	1	7469847e-45e4-458c-a83e-009c8bad3468
14	FAQ	wagtail.edit	{}	2026-01-15 13:22:16.693+05:30	t	f	43	3	7	1	d59a2f12-edd0-4070-888b-fcbe9f072c6a
15	FAQ	wagtail.publish	{}	2026-01-15 13:22:16.734+05:30	f	f	43	3	7	1	d59a2f12-edd0-4070-888b-fcbe9f072c6a
16	Achievements	wagtail.edit	{}	2026-01-15 15:25:16.129+05:30	t	f	44	4	8	1	655883ed-4be5-4cee-8afc-646fea8c7fe4
17	Achievements	wagtail.edit	{}	2026-01-15 15:25:51.87+05:30	t	f	44	4	9	1	3b5b0f4d-0bb6-4cae-94ac-86bfe10aa92a
18	Achievements	wagtail.publish	{}	2026-01-15 15:25:51.907+05:30	f	f	44	4	9	1	3b5b0f4d-0bb6-4cae-94ac-86bfe10aa92a
19	Achievements	wagtail.edit	{}	2026-01-15 15:31:14.366+05:30	t	f	44	4	10	1	cc74265f-524d-44ed-8c16-3ecab549b760
20	Achievements	wagtail.edit	{}	2026-01-15 15:31:15.19+05:30	t	f	44	4	11	1	bd5acf91-3033-4f1e-96b4-c02e86d6735e
21	Achievements	wagtail.edit	{}	2026-01-15 15:31:20.799+05:30	t	f	44	4	12	1	549fd0f2-a3df-41bb-b070-9a82e83f3b81
22	Achievements	wagtail.publish	{}	2026-01-15 15:31:20.838+05:30	f	f	44	4	12	1	549fd0f2-a3df-41bb-b070-9a82e83f3b81
23	Achievements	wagtail.edit	{}	2026-01-15 15:33:12.985+05:30	t	f	44	4	13	1	1325eee8-31d2-44b0-a906-9fa0e786a42a
24	Achievements	wagtail.edit	{}	2026-01-15 15:33:16.119+05:30	t	f	44	4	14	1	12234836-4869-4593-94a7-49453a3fe1cf
25	Achievements	wagtail.publish	{}	2026-01-15 15:33:16.18+05:30	f	f	44	4	14	1	12234836-4869-4593-94a7-49453a3fe1cf
26	Achievements	wagtail.edit	{}	2026-01-15 15:34:25.6+05:30	t	f	44	4	15	1	cf3f6547-cef7-4678-9860-2ad90565337f
27	Achievements	wagtail.edit	{}	2026-01-15 15:34:28.564+05:30	t	f	44	4	16	1	69a49e34-ef7e-44a5-a925-75d46e9cd7c5
28	Achievements	wagtail.publish	{}	2026-01-15 15:34:28.613+05:30	f	f	44	4	16	1	69a49e34-ef7e-44a5-a925-75d46e9cd7c5
29	Achievements	wagtail.edit	{}	2026-01-15 15:44:02.148+05:30	t	f	44	4	17	1	47c587a4-6415-4983-80c8-cb25300f3c95
30	Achievements	wagtail.edit	{}	2026-01-15 15:44:29.284+05:30	t	f	44	4	18	1	02e651c7-45c1-414a-9392-1f51b476c09b
31	Achievements	wagtail.edit	{}	2026-01-15 15:45:09.973+05:30	t	f	44	4	19	1	21d4d365-8724-4c83-b1fc-9354c756b685
32	Achievements	wagtail.edit	{}	2026-01-15 15:45:34.321+05:30	t	f	44	4	20	1	0e8df27c-cde4-4dda-b244-0f8818b347fa
33	Achievements	wagtail.publish	{}	2026-01-15 15:45:34.368+05:30	f	f	44	4	20	1	0e8df27c-cde4-4dda-b244-0f8818b347fa
34	Achievements	wagtail.edit	{}	2026-01-15 15:48:22.533+05:30	t	f	44	4	21	1	7ebe6935-754c-4100-ac94-5b286a72746f
35	Achievements	wagtail.edit	{}	2026-01-15 15:48:26.092+05:30	t	f	44	4	22	1	add9d270-0630-4eb0-97f7-eefeadb25655
36	Achievements	wagtail.publish	{}	2026-01-15 15:48:26.133+05:30	f	f	44	4	22	1	add9d270-0630-4eb0-97f7-eefeadb25655
37	Achievements	wagtail.edit	{}	2026-01-15 15:55:15.604+05:30	t	f	44	4	23	1	5b140308-02b2-44d2-b137-956b088cc603
38	Achievements	wagtail.edit	{}	2026-01-15 15:56:35.567+05:30	t	f	44	4	24	1	285a5064-40d2-4416-bc02-0248ad53728b
39	Achievements	wagtail.edit	{}	2026-01-15 15:56:39.47+05:30	t	f	44	4	25	1	ac1fb746-9036-4f7e-82e0-7f368dc0414a
40	Achievements	wagtail.publish	{}	2026-01-15 15:56:39.504+05:30	f	f	44	4	25	1	ac1fb746-9036-4f7e-82e0-7f368dc0414a
41	Achievements	wagtail.edit	{}	2026-01-15 15:59:42.69+05:30	t	f	44	4	26	1	17de4d85-51ee-4067-859c-723ce7e498a3
42	Achievements	wagtail.edit	{}	2026-01-15 15:59:45.856+05:30	t	f	44	4	27	1	c0f698e6-0613-48d2-9437-0bf2d9ef6f4f
43	Achievements	wagtail.publish	{}	2026-01-15 15:59:45.889+05:30	f	f	44	4	27	1	c0f698e6-0613-48d2-9437-0bf2d9ef6f4f
44	Achievements	wagtail.edit	{}	2026-01-15 16:04:47.519+05:30	t	f	44	4	28	1	7ae2ac96-f326-43df-abc8-3082a26ef8c7
45	Achievements	wagtail.edit	{}	2026-01-15 16:04:50.405+05:30	t	f	44	4	29	1	c2f4e35c-b8d2-44b0-986c-f55ea4ff78a6
46	Achievements	wagtail.publish	{}	2026-01-15 16:04:50.437+05:30	t	f	44	4	29	1	c2f4e35c-b8d2-44b0-986c-f55ea4ff78a6
47	Root	wagtail.publish	{}	2026-01-21 15:42:42.660162+05:30	t	f	1	1	30	\N	\N
48	Home	wagtail.publish	{}	2026-01-21 15:42:42.738906+05:30	t	f	1	2	31	\N	\N
49	Root	wagtail.publish	{}	2026-01-21 15:43:31.271343+05:30	t	f	1	1	32	\N	\N
50	Home	wagtail.publish	{}	2026-01-21 15:43:31.338643+05:30	t	f	1	2	33	\N	\N
51	FAQ	wagtail.publish	{}	2026-01-21 15:43:31.417071+05:30	t	f	43	3	34	\N	\N
52	Achievements	wagtail.publish	{}	2026-01-21 15:43:31.501066+05:30	t	f	44	4	35	\N	\N
\.


--
-- Data for Name: wagtailcore_pagesubscription; Type: TABLE DATA; Schema: public; Owner: postgres
--

COPY public.wagtailcore_pagesubscription (id, comment_notifications, page_id, user_id) FROM stdin;
1	f	2	1
2	t	3	1
3	t	4	1
\.


--
-- Data for Name: wagtailcore_pageviewrestriction; Type: TABLE DATA; Schema: public; Owner: postgres
--

COPY public.wagtailcore_pageviewrestriction (id, password, page_id, restriction_type) FROM stdin;
\.


--
-- Data for Name: wagtailcore_pageviewrestriction_groups; Type: TABLE DATA; Schema: public; Owner: postgres
--

COPY public.wagtailcore_pageviewrestriction_groups (id, pageviewrestriction_id, group_id) FROM stdin;
\.


--
-- Data for Name: wagtailcore_referenceindex; Type: TABLE DATA; Schema: public; Owner: postgres
--

COPY public.wagtailcore_referenceindex (id, object_id, to_object_id, model_path, content_path, content_path_hash, base_content_type_id, content_type_id, to_content_type_id) FROM stdin;
\.


--
-- Data for Name: wagtailcore_revision; Type: TABLE DATA; Schema: public; Owner: postgres
--

COPY public.wagtailcore_revision (id, created_at, content, approved_go_live_at, object_id, user_id, content_type_id, base_content_type_id, object_str) FROM stdin;
3	2026-01-15 13:01:13.181+05:30	{"pk": 3, "body": "<p data-block-key=\\"ys35b\\">faq</p>", "live": false, "path": "000100010001", "slug": "faq", "depth": 3, "owner": 1, "title": "FAQ", "locale": 1, "locked": false, "expired": false, "alias_of": null, "numchild": 0, "url_path": "/home/faq/", "expire_at": null, "locked_at": null, "locked_by": null, "seo_title": "", "go_live_at": null, "draft_title": "FAQ", "content_type": 44, "live_revision": null, "show_in_menus": false, "latest_revision": null, "translation_key": "30a4fa0a-5a70-479c-9b59-daffd8d3a723", "last_published_at": null, "first_published_at": null, "search_description": "", "wagtail_admin_comments": [], "has_unpublished_changes": false, "latest_revision_created_at": null}	\N	3	1	43	1	FAQ
30	2026-01-21 15:42:42.432554+05:30	{"pk": 1, "live": true, "path": "0001", "slug": "root", "depth": 1, "owner": null, "title": "Root", "locale": 1, "locked": false, "expired": false, "alias_of": null, "numchild": 1, "url_path": "/", "expire_at": null, "locked_at": null, "locked_by": null, "seo_title": "", "go_live_at": null, "draft_title": "Root", "content_type": 1, "live_revision": null, "show_in_menus": false, "latest_revision": null, "translation_key": "9de35645-6cf7-48a2-956a-3e7bb8365c26", "last_published_at": null, "first_published_at": null, "search_description": "", "wagtail_admin_comments": [], "has_unpublished_changes": false, "latest_revision_created_at": null}	\N	1	\N	1	1	Root
32	2026-01-21 15:43:31.206101+05:30	{"pk": 1, "live": true, "path": "0001", "slug": "root", "depth": 1, "owner": null, "title": "Root", "locale": 1, "locked": false, "expired": false, "alias_of": null, "numchild": 1, "url_path": "/", "expire_at": null, "locked_at": null, "locked_by": null, "seo_title": "", "go_live_at": null, "draft_title": "Root", "content_type": 1, "live_revision": 30, "show_in_menus": false, "latest_revision": 30, "translation_key": "9de35645-6cf7-48a2-956a-3e7bb8365c26", "last_published_at": "2026-01-21T10:12:42.483Z", "first_published_at": "2026-01-21T10:12:42.483Z", "search_description": "", "wagtail_admin_comments": [], "has_unpublished_changes": false, "latest_revision_created_at": "2026-01-21T10:12:42.432Z"}	\N	1	\N	1	1	Root
4	2026-01-15 13:02:05.704+05:30	{"pk": 4, "body": "<p data-block-key=\\"fn631\\">Achievement Body</p>", "live": false, "path": "000100010002", "slug": "achievements", "depth": 3, "intro": "<p data-block-key=\\"vmy7z\\">Achievements intro</p>", "owner": 1, "title": "Achievements", "locale": 1, "locked": false, "expired": false, "alias_of": null, "numchild": 0, "url_path": "/home/achievements/", "expire_at": null, "locked_at": null, "locked_by": null, "seo_title": "", "go_live_at": null, "draft_title": "Achievements", "content_type": 45, "live_revision": null, "show_in_menus": false, "latest_revision": null, "translation_key": "2c730553-906c-4cb0-8f38-ee8e619cfe6c", "last_published_at": null, "first_published_at": null, "search_description": "", "wagtail_admin_comments": [], "has_unpublished_changes": false, "latest_revision_created_at": null}	\N	4	1	44	1	Achievements
6	2026-01-15 13:21:59.26+05:30	{"pk": 4, "body": "<p data-block-key=\\"fn631\\">Achievement Body</p>", "live": false, "path": "000100010002", "slug": "achievements", "depth": 3, "intro": "<p data-block-key=\\"vmy7z\\">Achievements intro</p>", "owner": 1, "title": "Achievements", "locale": 1, "locked": false, "expired": false, "alias_of": null, "numchild": 0, "url_path": "/home/achievements/", "expire_at": null, "locked_at": null, "locked_by": null, "seo_title": "", "go_live_at": null, "draft_title": "Achievements", "content_type": 45, "live_revision": null, "show_in_menus": false, "latest_revision": 4, "translation_key": "2c730553-906c-4cb0-8f38-ee8e619cfe6c", "last_published_at": null, "first_published_at": null, "search_description": "", "wagtail_admin_comments": [], "has_unpublished_changes": true, "latest_revision_created_at": "2026-01-15T07:32:05.704Z"}	\N	4	1	44	1	Achievements
15	2026-01-15 15:34:25.573+05:30	{"pk": 4, "live": true, "path": "000100010002", "slug": "achievements", "depth": 3, "intro": "", "owner": 1, "title": "Achievements", "locale": 1, "locked": false, "expired": false, "alias_of": null, "numchild": 0, "url_path": "/home/achievements/", "expire_at": null, "locked_at": null, "locked_by": null, "seo_title": "", "go_live_at": null, "draft_title": "Achievements", "achievements": "[{\\"type\\": \\"achievement\\", \\"value\\": {\\"title\\": \\"1. WP filed against denial of admission in Preprimary\\", \\"description\\": \\"WP filed against denial of admission to sibling child, won the case.\\\\r\\\\n    WP filed against collection of capitation fees. By a junior college, refunded with interest approx 8 Crores. \\\\r\\\\n    PIL filed against purchase compulsion of school essentials like books, uniforms, stationary etc., Won the matter. \\\\r\\\\n    PTA came in to existence because of FFE PIL in the year 1996. \\\\r\\\\n    PIL filed in the matter of Catering college malpractices, matter disposed off. \\\\r\\\\n    PIL filed against International Schools charging huge amount of fees under international name, still pending. \\\\r\\\\n    PIL filed against conducting interviews for pre primary admissions, still pending. \\\\r\\\\n    WP filed against non refund of admission fees - fee refunded with 9% interest. \\\\r\\\\n    PIL filed in the matter of Sarv Shiksha Abhiyan, a scam of 75 Crores was exposed, inquiry ordered, court ordered inquiry against all involved and also cases filed  against all.\\\\r\\\\n     WP filed against Aditya Dental College for harassing girl students and operating without infrastructure. All students got admission in better colleges. \\\\r\\\\n    WP filed in the matter of denial of admissions to meritorious students, 23 medical students got 20 lacs each as compensation from the SC. Total amount 4.60 crores paid to students.\\\\r\\\\n    PIL filed in against the appointment of Vice Chancellor, appointment of Bombay vice chancellor was cancelled. \\\\r\\\\n    Refund of almost 20 Crores by different schools due to our intervention. \\\\r\\\\n    Due to our intervention Scholarships to 119 students from kg till 10 given by A reputed  school Of Santacruz and similarly by Another reputed school of Bandra gave scholarships to  to 35 students. \\\\r\\\\n    I was the Bansal Committee member appointed by the Govt to fix the norms to decide the fees of private schools. \\\\r\\\\n    PIL filed in school bus matter. Bus strike prohibited in Maharashtra. Matter decided in our favour. \\\\r\\\\n    Cases filed in Child Right Commission and got favourable orders in case of  child harassment and expulsion. \\\\r\\\\n    Many FIR filed in capitation fee matter, management and 12 trustees, all senior citizens with principal were arrested. \\\\r\\\\n    FIRs filed against many schools collecting Capitation fees. \\\\r\\\\n    Hunger Strike for Fee Regulation Act. Due to our 8 days hunger strike at Azad Maidan, fee regulation act was formulated in 2011. \\\\r\\\\n    PIL against 31 schools filed for charging huge fees. \\\\r\\\\n    Intervention Petition filed in Best Five subjects and percentile system for 11th admissions. \\\\r\\\\n    WP in the matter of Engineering college admission matter and single CET matter. \\\\r\\\\n    Hunger Strike for the payment of VI pay commission to the teachers, decided in teachers favour. They got their salaries. \\\\r\\\\n    PIL  Filed for minimum 75% attendance Compulsory in schools and colleges. Won the matter. \\\\r\\\\n    PIL  for Limit in number of students. There were more than 170 students in one class room, court restricted it to 80. \\\\r\\\\n    Quashing of Maharashtra RTI ACT PIL 550/2001.\\\\r\\\\n    PIL to conduct extra classes for weak students in schools. \\\\r\\\\n    PIL filed to regulate coaching classes in Maharashtra. Govt instructed to regulate but decision not taken by the Govt., yet. \\\\r\\\\n    Many RTI applications were filed and RTI Seminars were organised to educate parents about RTI. \\\\r\\\\n    PIL in SC to expedite hearing in HC. \\\\r\\\\n    PIL in SC to stop astrology subject. Lost it. \\\\r\\\\n    PIL in HC for Pre primary regulation also moved to SC. Disposed off. \\\\r\\\\n    PIL against unauthorised 140 schools. \\\\r\\\\n    Country wide PILs (5)filed in various States High Courts against IME ( institute of mechanical engineers for issuing bogus degree certificates to students, in thousands. We win the case. IME prohibited by HRD ministry too. \\\\r\\\\n    PIL filed against malpractices in junior college admissions. Got favourable orders and transparency maintained. \\\\r\\\\n    PIL against engineering colleges for unauthorised permission. \\\\r\\\\n    PIL against management colleges for admitting 30 extra students illegally. \\\\r\\\\n    PIL for centralized admissions and online admissions in colleges. \\\\r\\\\n    PIL against rampant corruption in medical and engineering colleges and misuse of NRI quota. \\\\r\\\\n    PIL for improving facilities in Govt schools \\\\r\\\\n\\\\r\\\\n\\\\r\\\\nWP against 7 colleges for malpractices in admissions \\\\r\\\\n\\\\r\\\\nWP against Central Organization Firm Modernization of Workshop against 10 Crore purchase order \\\\r\\\\n\\\\r\\\\nPIL abolishing management quota in Govt quota \\\\r\\\\n\\\\r\\\\nPIL in Teachers appointment by Govt violating qualification rules\\\\r\\\\n\\\\r\\\\nPIL against teachers taking private tuitions, 500 teachers were expelled for taking private tuitions \\\\r\\\\n\\\\r\\\\nMany more achievements of Forum for Fairness in Education \\\\r\\\\n\\\\r\\\\nPIL filed against shifting and closure of school - won it. \\\\r\\\\n\\\\r\\\\nMany protests. Representations, hunger strikes, raasta roko, RTI filed to fight successfully. \\\\r\\\\n\\\\r\\\\nIntervened in one of the school matter, proposed shifting of school from Current  location to different location which was 8 kms away.  School restricted to transfer location as per SC and Govt decision. \\\\r\\\\n\\\\r\\\\nMany issues were solved with amicable talk with managements. FFE supported free genuine schools too and favourable orders were issued by the HC. Favouring schools against parents. \\\\r\\\\n\\\\r\\\\nMany more WP were filed in High Court and Supreme Court.\\", \\"image\\": null}, \\"id\\": \\"d432161f-7ffa-4ab6-a6ec-3493a10d3d00\\"}]", "content_type": 45, "live_revision": 14, "show_in_menus": false, "latest_revision": 14, "translation_key": "2c730553-906c-4cb0-8f38-ee8e619cfe6c", "last_published_at": "2026-01-15T10:03:16.130Z", "first_published_at": "2026-01-15T07:51:59.299Z", "search_description": "", "wagtail_admin_comments": [], "has_unpublished_changes": false, "latest_revision_created_at": "2026-01-15T10:03:16.097Z"}	\N	4	1	44	1	Achievements
16	2026-01-15 15:34:28.545+05:30	{"pk": 4, "live": true, "path": "000100010002", "slug": "achievements", "depth": 3, "intro": "", "owner": 1, "title": "Achievements", "locale": 1, "locked": false, "expired": false, "alias_of": null, "numchild": 0, "url_path": "/home/achievements/", "expire_at": null, "locked_at": null, "locked_by": null, "seo_title": "", "go_live_at": null, "draft_title": "Achievements", "achievements": "[{\\"type\\": \\"achievement\\", \\"value\\": {\\"title\\": \\"1. WP filed against denial of admission in Preprimary\\", \\"description\\": \\"WP filed against denial of admission to sibling child, won the case.\\\\r\\\\n    WP filed against collection of capitation fees. By a junior college, refunded with interest approx 8 Crores. \\\\r\\\\n    PIL filed against purchase compulsion of school essentials like books, uniforms, stationary etc., Won the matter. \\\\r\\\\n    PTA came in to existence because of FFE PIL in the year 1996. \\\\r\\\\n    PIL filed in the matter of Catering college malpractices, matter disposed off. \\\\r\\\\n    PIL filed against International Schools charging huge amount of fees under international name, still pending. \\\\r\\\\n    PIL filed against conducting interviews for pre primary admissions, still pending. \\\\r\\\\n    WP filed against non refund of admission fees - fee refunded with 9% interest. \\\\r\\\\n    PIL filed in the matter of Sarv Shiksha Abhiyan, a scam of 75 Crores was exposed, inquiry ordered, court ordered inquiry against all involved and also cases filed  against all.\\\\r\\\\n     WP filed against Aditya Dental College for harassing girl students and operating without infrastructure. All students got admission in better colleges. \\\\r\\\\n    WP filed in the matter of denial of admissions to meritorious students, 23 medical students got 20 lacs each as compensation from the SC. Total amount 4.60 crores paid to students.\\\\r\\\\n    PIL filed in against the appointment of Vice Chancellor, appointment of Bombay vice chancellor was cancelled. \\\\r\\\\n    Refund of almost 20 Crores by different schools due to our intervention. \\\\r\\\\n    Due to our intervention Scholarships to 119 students from kg till 10 given by A reputed  school Of Santacruz and similarly by Another reputed school of Bandra gave scholarships to  to 35 students. \\\\r\\\\n    I was the Bansal Committee member appointed by the Govt to fix the norms to decide the fees of private schools. \\\\r\\\\n    PIL filed in school bus matter. Bus strike prohibited in Maharashtra. Matter decided in our favour. \\\\r\\\\n    Cases filed in Child Right Commission and got favourable orders in case of  child harassment and expulsion. \\\\r\\\\n    Many FIR filed in capitation fee matter, management and 12 trustees, all senior citizens with principal were arrested. \\\\r\\\\n    FIRs filed against many schools collecting Capitation fees. \\\\r\\\\n    Hunger Strike for Fee Regulation Act. Due to our 8 days hunger strike at Azad Maidan, fee regulation act was formulated in 2011. \\\\r\\\\n    PIL against 31 schools filed for charging huge fees. \\\\r\\\\n    Intervention Petition filed in Best Five subjects and percentile system for 11th admissions. \\\\r\\\\n    WP in the matter of Engineering college admission matter and single CET matter. \\\\r\\\\n    Hunger Strike for the payment of VI pay commission to the teachers, decided in teachers favour. They got their salaries. \\\\r\\\\n    PIL  Filed for minimum 75% attendance Compulsory in schools and colleges. Won the matter. \\\\r\\\\n    PIL  for Limit in number of students. There were more than 170 students in one class room, court restricted it to 80. \\\\r\\\\n    Quashing of Maharashtra RTI ACT PIL 550/2001.\\\\r\\\\n    PIL to conduct extra classes for weak students in schools. \\\\r\\\\n    PIL filed to regulate coaching classes in Maharashtra. Govt instructed to regulate but decision not taken by the Govt., yet. \\\\r\\\\n    Many RTI applications were filed and RTI Seminars were organised to educate parents about RTI. \\\\r\\\\n    PIL in SC to expedite hearing in HC. \\\\r\\\\n    PIL in SC to stop astrology subject. Lost it. \\\\r\\\\n    PIL in HC for Pre primary regulation also moved to SC. Disposed off. \\\\r\\\\n    PIL against unauthorised 140 schools. \\\\r\\\\n    Country wide PILs (5)filed in various States High Courts against IME ( institute of mechanical engineers for issuing bogus degree certificates to students, in thousands. We win the case. IME prohibited by HRD ministry too. \\\\r\\\\n    PIL filed against malpractices in junior college admissions. Got favourable orders and transparency maintained. \\\\r\\\\n    PIL against engineering colleges for unauthorised permission. \\\\r\\\\n    PIL against management colleges for admitting 30 extra students illegally. \\\\r\\\\n    PIL for centralized admissions and online admissions in colleges. \\\\r\\\\n    PIL against rampant corruption in medical and engineering colleges and misuse of NRI quota. \\\\r\\\\n    PIL for improving facilities in Govt schools \\\\r\\\\n\\\\r\\\\n\\\\r\\\\nWP against 7 colleges for malpractices in admissions \\\\r\\\\n\\\\r\\\\nWP against Central Organization Firm Modernization of Workshop against 10 Crore purchase order \\\\r\\\\n\\\\r\\\\nPIL abolishing management quota in Govt quota \\\\r\\\\n\\\\r\\\\nPIL in Teachers appointment by Govt violating qualification rules\\\\r\\\\n\\\\r\\\\nPIL against teachers taking private tuitions, 500 teachers were expelled for taking private tuitions \\\\r\\\\n\\\\r\\\\nMany more achievements of Forum for Fairness in Education \\\\r\\\\n\\\\r\\\\nPIL filed against shifting and closure of school - won it. \\\\r\\\\n\\\\r\\\\nMany protests. Representations, hunger strikes, raasta roko, RTI filed to fight successfully. \\\\r\\\\n\\\\r\\\\nIntervened in one of the school matter, proposed shifting of school from Current  location to different location which was 8 kms away.  School restricted to transfer location as per SC and Govt decision. \\\\r\\\\n\\\\r\\\\nMany issues were solved with amicable talk with managements. FFE supported free genuine schools too and favourable orders were issued by the HC. Favouring schools against parents. \\\\r\\\\n\\\\r\\\\nMany more WP were filed in High Court and Supreme Court.\\", \\"image\\": null}, \\"id\\": \\"d432161f-7ffa-4ab6-a6ec-3493a10d3d00\\"}]", "content_type": 45, "live_revision": 14, "show_in_menus": false, "latest_revision": 15, "translation_key": "2c730553-906c-4cb0-8f38-ee8e619cfe6c", "last_published_at": "2026-01-15T10:03:16.130Z", "first_published_at": "2026-01-15T07:51:59.299Z", "search_description": "", "wagtail_admin_comments": [], "has_unpublished_changes": true, "latest_revision_created_at": "2026-01-15T10:04:25.573Z"}	\N	4	1	44	1	Achievements
31	2026-01-21 15:42:42.68027+05:30	{"pk": 2, "live": true, "path": "00010001", "slug": "home", "depth": 2, "owner": null, "title": "Home", "locale": 1, "locked": false, "expired": false, "alias_of": null, "numchild": 2, "url_path": "/home/", "expire_at": null, "locked_at": null, "locked_by": null, "seo_title": "", "go_live_at": null, "draft_title": "Home", "content_type": 1, "live_revision": 2, "show_in_menus": false, "latest_revision": 2, "translation_key": "243739fb-2238-4aae-b401-bec98c766b83", "last_published_at": "2026-01-15T07:26:54.786Z", "first_published_at": "2026-01-15T07:26:54.786Z", "search_description": "", "wagtail_admin_comments": [], "has_unpublished_changes": false, "latest_revision_created_at": "2026-01-15T07:26:54.756Z"}	\N	2	\N	1	1	Home
17	2026-01-15 15:44:02.122+05:30	{"pk": 4, "live": true, "path": "000100010002", "slug": "achievements", "depth": 3, "intro": "", "owner": 1, "title": "Achievements", "locale": 1, "locked": false, "expired": false, "alias_of": null, "numchild": 0, "url_path": "/home/achievements/", "expire_at": null, "locked_at": null, "locked_by": null, "seo_title": "", "go_live_at": null, "draft_title": "Achievements", "achievements": "[{\\"type\\": \\"achievement\\", \\"value\\": {\\"title\\": \\"Major Legal & Public Interest Achievements of Forum for Fairness in Education (FFE)\\", \\"description\\": \\"Protection of Students\\\\u2019 Right to Admission\\\\r\\\\n\\\\r\\\\nSuccessfully filed a Writ Petition against denial of admission to a sibling child, securing admission through court intervention.\\\\r\\\\n\\\\r\\\\nFiled a Writ Petition against denial of admission to meritorious students, resulting in \\\\u20b94.60 crores compensation (\\\\u20b920 lakhs each) paid to 23 medical students as ordered by the Supreme Court.\\\\r\\\\n\\\\r\\\\nFiled PILs against unauthorised and illegal admissions in junior colleges, engineering colleges, and management institutes, ensuring transparency and compliance.\\", \\"image\\": null}, \\"id\\": \\"d432161f-7ffa-4ab6-a6ec-3493a10d3d00\\"}]", "content_type": 45, "live_revision": 16, "show_in_menus": false, "latest_revision": 16, "translation_key": "2c730553-906c-4cb0-8f38-ee8e619cfe6c", "last_published_at": "2026-01-15T10:04:28.575Z", "first_published_at": "2026-01-15T07:51:59.299Z", "search_description": "", "wagtail_admin_comments": [], "has_unpublished_changes": false, "latest_revision_created_at": "2026-01-15T10:04:28.545Z"}	\N	4	1	44	1	Achievements
2	2026-01-15 12:56:54.756+05:30	{"pk": 2, "live": true, "path": "00010001", "slug": "home", "depth": 2, "owner": null, "title": "Home", "locale": 1, "locked": false, "expired": false, "alias_of": null, "numchild": 0, "url_path": "/home/", "expire_at": null, "locked_at": null, "locked_by": null, "seo_title": "", "go_live_at": null, "draft_title": "Home", "content_type": 1, "live_revision": null, "show_in_menus": false, "latest_revision": 1, "translation_key": "243739fb-2238-4aae-b401-bec98c766b83", "last_published_at": null, "first_published_at": null, "search_description": "", "wagtail_admin_comments": [], "has_unpublished_changes": true, "latest_revision_created_at": "2026-01-15T07:26:47.688Z"}	\N	2	1	1	1	Home
19	2026-01-15 15:45:09.945+05:30	{"pk": 4, "live": true, "path": "000100010002", "slug": "achievements", "depth": 3, "intro": "", "owner": 1, "title": "Achievements", "locale": 1, "locked": false, "expired": false, "alias_of": null, "numchild": 0, "url_path": "/home/achievements/", "expire_at": null, "locked_at": null, "locked_by": null, "seo_title": "", "go_live_at": null, "draft_title": "Achievements", "achievements": "[{\\"type\\": \\"achievement\\", \\"value\\": {\\"title\\": \\"Major Legal & Public Interest Achievements of Forum for Fairness in Education (FFE)\\", \\"description\\": \\"Protection of Students\\\\u2019 Right to Admission\\\\r\\\\n\\\\r\\\\nSuccessfully filed a Writ Petition against denial of admission to a sibling child, securing admission through court intervention.\\\\r\\\\n\\\\r\\\\nFiled a Writ Petition against denial of admission to meritorious students, resulting in \\\\u20b94.60 crores compensation (\\\\u20b920 lakhs each) paid to 23 medical students as ordered by the Supreme Court.\\\\r\\\\n\\\\r\\\\nFiled PILs against unauthorised and illegal admissions in junior colleges, engineering colleges, and management institutes, ensuring transparency and compliance.\\", \\"image\\": null}, \\"id\\": \\"d432161f-7ffa-4ab6-a6ec-3493a10d3d00\\"}, {\\"type\\": \\"achievement\\", \\"value\\": {\\"title\\": \\"Crackdown on Capitation Fees & Illegal Fee Collection\\", \\"description\\": \\"Filed a Writ Petition against a junior college for collecting capitation fees, resulting in a refund of approximately \\\\u20b98 crores with interest.\\\\r\\\\n\\\\r\\\\nIntervened in multiple cases leading to refunds of nearly \\\\u20b920 crores by various schools.\\\\r\\\\n\\\\r\\\\nFiled FIRs against schools collecting capitation fees, leading to the arrest of management members and trustees.\\\\r\\\\n\\\\r\\\\nPILs filed against international schools charging exorbitant fees under the guise of international education (matter pending).\\", \\"image\\": null}, \\"id\\": \\"a7f750ab-8209-402c-bb6c-e5ea0526f9d8\\"}, {\\"type\\": \\"achievement\\", \\"value\\": {\\"title\\": \\"Fee Regulation & Policy Reforms\\", \\"description\\": \\"Conducted an 8-day hunger strike at Azad Maidan, which directly led to the formulation of the Maharashtra Fee Regulation Act, 2011.\\\\r\\\\n\\\\r\\\\nFiled PILs against 31 schools for charging excessive fees.\\\\r\\\\n\\\\r\\\\nServed as a Bansal Committee Member, appointed by the Government, to fix norms for private school fee determination.\\", \\"image\\": null}, \\"id\\": \\"209731d0-eb05-4049-8de1-0402768238fa\\"}, {\\"type\\": \\"achievement\\", \\"value\\": {\\"title\\": \\"Landmark PILs in Education Governance\\", \\"description\\": \\"PIL filed against appointment of the Vice Chancellor of Mumbai University, resulting in cancellation of the appointment.\\\\r\\\\n\\\\r\\\\nPIL exposed the Sarva Shiksha Abhiyan scam of \\\\u20b975 crores, leading to court-ordered inquiry and cases against those involved.\\\\r\\\\n\\\\r\\\\nFiled PILs to abolish management quota within government quota.\\\\r\\\\n\\\\r\\\\nPILs filed to regulate coaching classes in Maharashtra (government directed to regulate; pending implementation).\\", \\"image\\": null}, \\"id\\": \\"7a47ff01-bd7a-45cb-a600-294ce5ff61bb\\"}]", "content_type": 45, "live_revision": 16, "show_in_menus": false, "latest_revision": 18, "translation_key": "2c730553-906c-4cb0-8f38-ee8e619cfe6c", "last_published_at": "2026-01-15T10:04:28.575Z", "first_published_at": "2026-01-15T07:51:59.299Z", "search_description": "", "wagtail_admin_comments": [], "has_unpublished_changes": true, "latest_revision_created_at": "2026-01-15T10:14:29.255Z"}	\N	4	1	44	1	Achievements
20	2026-01-15 15:45:34.301+05:30	{"pk": 4, "live": true, "path": "000100010002", "slug": "achievements", "depth": 3, "intro": "", "owner": 1, "title": "Achievements", "locale": 1, "locked": false, "expired": false, "alias_of": null, "numchild": 0, "url_path": "/home/achievements/", "expire_at": null, "locked_at": null, "locked_by": null, "seo_title": "", "go_live_at": null, "draft_title": "Achievements", "achievements": "[{\\"type\\": \\"achievement\\", \\"value\\": {\\"title\\": \\"Major Legal & Public Interest Achievements of Forum for Fairness in Education (FFE)\\", \\"description\\": \\"Protection of Students\\\\u2019 Right to Admission\\\\r\\\\n\\\\r\\\\nSuccessfully filed a Writ Petition against denial of admission to a sibling child, securing admission through court intervention.\\\\r\\\\n\\\\r\\\\nFiled a Writ Petition against denial of admission to meritorious students, resulting in \\\\u20b94.60 crores compensation (\\\\u20b920 lakhs each) paid to 23 medical students as ordered by the Supreme Court.\\\\r\\\\n\\\\r\\\\nFiled PILs against unauthorised and illegal admissions in junior colleges, engineering colleges, and management institutes, ensuring transparency and compliance.\\", \\"image\\": null}, \\"id\\": \\"d432161f-7ffa-4ab6-a6ec-3493a10d3d00\\"}, {\\"type\\": \\"achievement\\", \\"value\\": {\\"title\\": \\"Crackdown on Capitation Fees & Illegal Fee Collection\\", \\"description\\": \\"Filed a Writ Petition against a junior college for collecting capitation fees, resulting in a refund of approximately \\\\u20b98 crores with interest.\\\\r\\\\n\\\\r\\\\nIntervened in multiple cases leading to refunds of nearly \\\\u20b920 crores by various schools.\\\\r\\\\n\\\\r\\\\nFiled FIRs against schools collecting capitation fees, leading to the arrest of management members and trustees.\\\\r\\\\n\\\\r\\\\nPILs filed against international schools charging exorbitant fees under the guise of international education (matter pending).\\", \\"image\\": null}, \\"id\\": \\"a7f750ab-8209-402c-bb6c-e5ea0526f9d8\\"}, {\\"type\\": \\"achievement\\", \\"value\\": {\\"title\\": \\"Fee Regulation & Policy Reforms\\", \\"description\\": \\"Conducted an 8-day hunger strike at Azad Maidan, which directly led to the formulation of the Maharashtra Fee Regulation Act, 2011.\\\\r\\\\n\\\\r\\\\nFiled PILs against 31 schools for charging excessive fees.\\\\r\\\\n\\\\r\\\\nServed as a Bansal Committee Member, appointed by the Government, to fix norms for private school fee determination.\\", \\"image\\": null}, \\"id\\": \\"209731d0-eb05-4049-8de1-0402768238fa\\"}, {\\"type\\": \\"achievement\\", \\"value\\": {\\"title\\": \\"Landmark PILs in Education Governance\\", \\"description\\": \\"PIL filed against appointment of the Vice Chancellor of Mumbai University, resulting in cancellation of the appointment.\\\\r\\\\n\\\\r\\\\nPIL exposed the Sarva Shiksha Abhiyan scam of \\\\u20b975 crores, leading to court-ordered inquiry and cases against those involved.\\\\r\\\\n\\\\r\\\\nFiled PILs to abolish management quota within government quota.\\\\r\\\\n\\\\r\\\\nPILs filed to regulate coaching classes in Maharashtra (government directed to regulate; pending implementation).\\", \\"image\\": null}, \\"id\\": \\"7a47ff01-bd7a-45cb-a600-294ce5ff61bb\\"}]", "content_type": 45, "live_revision": 16, "show_in_menus": false, "latest_revision": 19, "translation_key": "2c730553-906c-4cb0-8f38-ee8e619cfe6c", "last_published_at": "2026-01-15T10:04:28.575Z", "first_published_at": "2026-01-15T07:51:59.299Z", "search_description": "", "wagtail_admin_comments": [], "has_unpublished_changes": true, "latest_revision_created_at": "2026-01-15T10:15:09.945Z"}	\N	4	1	44	1	Achievements
21	2026-01-15 15:48:22.497+05:30	{"pk": 4, "live": true, "path": "000100010002", "slug": "achievements", "depth": 3, "intro": "", "owner": 1, "title": "Achievements", "locale": 1, "locked": false, "expired": false, "alias_of": null, "numchild": 0, "url_path": "/home/achievements/", "expire_at": null, "locked_at": null, "locked_by": null, "seo_title": "", "go_live_at": null, "draft_title": "Achievements", "achievements": "[{\\"type\\": \\"achievement\\", \\"value\\": {\\"title\\": \\"<h2>Major Legal & Public Interest Achievements of Forum for Fairness in Education (FFE)</h2>\\", \\"description\\": \\"<h3>Protection of Students\\\\u2019 Right to Admission\\\\r\\\\n\\\\r\\\\n\\\\u2022 Successfully filed a Writ Petition against denial of admission to a sibling child, securing admission through court intervention.\\\\r\\\\n\\\\u2022 Filed a Writ Petition against denial of admission to meritorious students, resulting in \\\\u20b94.60 crores compensation to 23 medical students.\\\\r\\\\n\\\\u2022 Filed PILs against unauthorised and illegal admissions in junior colleges, engineering colleges, and management institutes.\\\\r\\\\n</h3>\\", \\"image\\": null}, \\"id\\": \\"d432161f-7ffa-4ab6-a6ec-3493a10d3d00\\"}, {\\"type\\": \\"achievement\\", \\"value\\": {\\"title\\": \\"Crackdown on Capitation Fees & Illegal Fee Collection\\", \\"description\\": \\"Filed a Writ Petition against a junior college for collecting capitation fees, resulting in a refund of approximately \\\\u20b98 crores with interest.\\\\r\\\\n\\\\r\\\\nIntervened in multiple cases leading to refunds of nearly \\\\u20b920 crores by various schools.\\\\r\\\\n\\\\r\\\\nFiled FIRs against schools collecting capitation fees, leading to the arrest of management members and trustees.\\\\r\\\\n\\\\r\\\\nPILs filed against international schools charging exorbitant fees under the guise of international education (matter pending).\\", \\"image\\": null}, \\"id\\": \\"a7f750ab-8209-402c-bb6c-e5ea0526f9d8\\"}, {\\"type\\": \\"achievement\\", \\"value\\": {\\"title\\": \\"Fee Regulation & Policy Reforms\\", \\"description\\": \\"Conducted an 8-day hunger strike at Azad Maidan, which directly led to the formulation of the Maharashtra Fee Regulation Act, 2011.\\\\r\\\\n\\\\r\\\\nFiled PILs against 31 schools for charging excessive fees.\\\\r\\\\n\\\\r\\\\nServed as a Bansal Committee Member, appointed by the Government, to fix norms for private school fee determination.\\", \\"image\\": null}, \\"id\\": \\"209731d0-eb05-4049-8de1-0402768238fa\\"}, {\\"type\\": \\"achievement\\", \\"value\\": {\\"title\\": \\"Landmark PILs in Education Governance\\", \\"description\\": \\"PIL filed against appointment of the Vice Chancellor of Mumbai University, resulting in cancellation of the appointment.\\\\r\\\\n\\\\r\\\\nPIL exposed the Sarva Shiksha Abhiyan scam of \\\\u20b975 crores, leading to court-ordered inquiry and cases against those involved.\\\\r\\\\n\\\\r\\\\nFiled PILs to abolish management quota within government quota.\\\\r\\\\n\\\\r\\\\nPILs filed to regulate coaching classes in Maharashtra (government directed to regulate; pending implementation).\\", \\"image\\": null}, \\"id\\": \\"7a47ff01-bd7a-45cb-a600-294ce5ff61bb\\"}]", "content_type": 45, "live_revision": 20, "show_in_menus": false, "latest_revision": 20, "translation_key": "2c730553-906c-4cb0-8f38-ee8e619cfe6c", "last_published_at": "2026-01-15T10:15:34.337Z", "first_published_at": "2026-01-15T07:51:59.299Z", "search_description": "", "wagtail_admin_comments": [], "has_unpublished_changes": false, "latest_revision_created_at": "2026-01-15T10:15:34.301Z"}	\N	4	1	44	1	Achievements
22	2026-01-15 15:48:26.066+05:30	{"pk": 4, "live": true, "path": "000100010002", "slug": "achievements", "depth": 3, "intro": "", "owner": 1, "title": "Achievements", "locale": 1, "locked": false, "expired": false, "alias_of": null, "numchild": 0, "url_path": "/home/achievements/", "expire_at": null, "locked_at": null, "locked_by": null, "seo_title": "", "go_live_at": null, "draft_title": "Achievements", "achievements": "[{\\"type\\": \\"achievement\\", \\"value\\": {\\"title\\": \\"<h2>Major Legal & Public Interest Achievements of Forum for Fairness in Education (FFE)</h2>\\", \\"description\\": \\"<h3>Protection of Students\\\\u2019 Right to Admission\\\\r\\\\n\\\\r\\\\n\\\\u2022 Successfully filed a Writ Petition against denial of admission to a sibling child, securing admission through court intervention.\\\\r\\\\n\\\\u2022 Filed a Writ Petition against denial of admission to meritorious students, resulting in \\\\u20b94.60 crores compensation to 23 medical students.\\\\r\\\\n\\\\u2022 Filed PILs against unauthorised and illegal admissions in junior colleges, engineering colleges, and management institutes.\\\\r\\\\n</h3>\\", \\"image\\": null}, \\"id\\": \\"d432161f-7ffa-4ab6-a6ec-3493a10d3d00\\"}, {\\"type\\": \\"achievement\\", \\"value\\": {\\"title\\": \\"Crackdown on Capitation Fees & Illegal Fee Collection\\", \\"description\\": \\"Filed a Writ Petition against a junior college for collecting capitation fees, resulting in a refund of approximately \\\\u20b98 crores with interest.\\\\r\\\\n\\\\r\\\\nIntervened in multiple cases leading to refunds of nearly \\\\u20b920 crores by various schools.\\\\r\\\\n\\\\r\\\\nFiled FIRs against schools collecting capitation fees, leading to the arrest of management members and trustees.\\\\r\\\\n\\\\r\\\\nPILs filed against international schools charging exorbitant fees under the guise of international education (matter pending).\\", \\"image\\": null}, \\"id\\": \\"a7f750ab-8209-402c-bb6c-e5ea0526f9d8\\"}, {\\"type\\": \\"achievement\\", \\"value\\": {\\"title\\": \\"Fee Regulation & Policy Reforms\\", \\"description\\": \\"Conducted an 8-day hunger strike at Azad Maidan, which directly led to the formulation of the Maharashtra Fee Regulation Act, 2011.\\\\r\\\\n\\\\r\\\\nFiled PILs against 31 schools for charging excessive fees.\\\\r\\\\n\\\\r\\\\nServed as a Bansal Committee Member, appointed by the Government, to fix norms for private school fee determination.\\", \\"image\\": null}, \\"id\\": \\"209731d0-eb05-4049-8de1-0402768238fa\\"}, {\\"type\\": \\"achievement\\", \\"value\\": {\\"title\\": \\"Landmark PILs in Education Governance\\", \\"description\\": \\"PIL filed against appointment of the Vice Chancellor of Mumbai University, resulting in cancellation of the appointment.\\\\r\\\\n\\\\r\\\\nPIL exposed the Sarva Shiksha Abhiyan scam of \\\\u20b975 crores, leading to court-ordered inquiry and cases against those involved.\\\\r\\\\n\\\\r\\\\nFiled PILs to abolish management quota within government quota.\\\\r\\\\n\\\\r\\\\nPILs filed to regulate coaching classes in Maharashtra (government directed to regulate; pending implementation).\\", \\"image\\": null}, \\"id\\": \\"7a47ff01-bd7a-45cb-a600-294ce5ff61bb\\"}]", "content_type": 45, "live_revision": 20, "show_in_menus": false, "latest_revision": 21, "translation_key": "2c730553-906c-4cb0-8f38-ee8e619cfe6c", "last_published_at": "2026-01-15T10:15:34.337Z", "first_published_at": "2026-01-15T07:51:59.299Z", "search_description": "", "wagtail_admin_comments": [], "has_unpublished_changes": true, "latest_revision_created_at": "2026-01-15T10:18:22.497Z"}	\N	4	1	44	1	Achievements
1	2026-01-15 12:56:47.688+05:30	{"pk": 2, "live": true, "path": "00010001", "slug": "home", "depth": 2, "owner": null, "title": "Home", "locale": 1, "locked": false, "expired": false, "alias_of": null, "numchild": 0, "url_path": "/home/", "expire_at": null, "locked_at": null, "locked_by": null, "seo_title": "", "go_live_at": null, "draft_title": "Welcome to your new Wagtail site!", "content_type": 1, "live_revision": null, "show_in_menus": false, "latest_revision": null, "translation_key": "243739fb-2238-4aae-b401-bec98c766b83", "last_published_at": null, "first_published_at": null, "search_description": "", "wagtail_admin_comments": [], "has_unpublished_changes": false, "latest_revision_created_at": null}	\N	2	1	1	1	Home
33	2026-01-21 15:43:31.283839+05:30	{"pk": 2, "live": true, "path": "00010001", "slug": "home", "depth": 2, "owner": null, "title": "Home", "locale": 1, "locked": false, "expired": false, "alias_of": null, "numchild": 2, "url_path": "/home/", "expire_at": null, "locked_at": null, "locked_by": null, "seo_title": "", "go_live_at": null, "draft_title": "Home", "content_type": 1, "live_revision": 31, "show_in_menus": false, "latest_revision": 31, "translation_key": "243739fb-2238-4aae-b401-bec98c766b83", "last_published_at": "2026-01-21T10:12:42.705Z", "first_published_at": "2026-01-15T07:26:54.786Z", "search_description": "", "wagtail_admin_comments": [], "has_unpublished_changes": false, "latest_revision_created_at": "2026-01-21T10:12:42.680Z"}	\N	2	\N	1	1	Home
7	2026-01-15 13:22:16.673+05:30	{"pk": 3, "body": "<p data-block-key=\\"ys35b\\">faq</p>", "live": false, "path": "000100010001", "slug": "faq", "depth": 3, "owner": 1, "title": "FAQ", "locale": 1, "locked": false, "expired": false, "alias_of": null, "numchild": 0, "url_path": "/home/faq/", "expire_at": null, "locked_at": null, "locked_by": null, "seo_title": "", "go_live_at": null, "draft_title": "FAQ", "content_type": 44, "live_revision": null, "show_in_menus": false, "latest_revision": 3, "translation_key": "30a4fa0a-5a70-479c-9b59-daffd8d3a723", "last_published_at": null, "first_published_at": null, "search_description": "", "wagtail_admin_comments": [], "has_unpublished_changes": true, "latest_revision_created_at": "2026-01-15T07:31:13.181Z"}	\N	3	1	43	1	FAQ
34	2026-01-21 15:43:31.355112+05:30	{"pk": 3, "body": "<p data-block-key=\\"ys35b\\">faq</p>", "live": true, "path": "000100010001", "slug": "faq", "depth": 3, "owner": 1, "title": "FAQ", "locale": 1, "locked": false, "expired": false, "alias_of": null, "numchild": 0, "url_path": "/home/faq/", "expire_at": null, "locked_at": null, "locked_by": null, "seo_title": "", "go_live_at": null, "draft_title": "FAQ", "content_type": 43, "live_revision": 7, "show_in_menus": false, "latest_revision": 7, "translation_key": "30a4fa0a-5a70-479c-9b59-daffd8d3a723", "last_published_at": "2026-01-15T07:52:16.706Z", "first_published_at": "2026-01-15T07:52:16.706Z", "search_description": "", "wagtail_admin_comments": [], "has_unpublished_changes": false, "latest_revision_created_at": "2026-01-15T07:52:16.673Z"}	\N	3	\N	43	1	FAQ
8	2026-01-15 15:25:16.088+05:30	{"pk": 4, "body": "<p data-block-key=\\"fn631\\">Achievement Body&lt;h3&gt;🏆 National Education Award – 2024&lt;/h3&gt;</p><p data-block-key=\\"3rnld\\">&lt;p&gt;Recognized for promoting fairness in rural education.&lt;/p&gt;</p><p data-block-key=\\"65q14\\"></p><p data-block-key=\\"345o0\\">&lt;h3&gt;📈 50,000+ Students Impacted&lt;/h3&gt;</p><p data-block-key=\\"3l6oj\\">&lt;p&gt;Reached across 120+ districts through digital initiatives.&lt;/p&gt;</p><p data-block-key=\\"7ifl1\\"></p><p data-block-key=\\"8dp6u\\">&lt;h3&gt;🤝 Government Collaboration&lt;/h3&gt;</p><p data-block-key=\\"76hsd\\">&lt;p&gt;Worked with state education departments on policy research.&lt;/p&gt;</p><p data-block-key=\\"1rvkl\\"></p>", "live": true, "path": "000100010002", "slug": "achievements", "depth": 3, "intro": "<p data-block-key=\\"vmy7z\\">Achievements intro</p>", "owner": 1, "title": "Achievements", "locale": 1, "locked": false, "expired": false, "alias_of": null, "numchild": 0, "url_path": "/home/achievements/", "expire_at": null, "locked_at": null, "locked_by": null, "seo_title": "", "go_live_at": null, "draft_title": "Achievements", "content_type": 45, "live_revision": 6, "show_in_menus": false, "latest_revision": 6, "translation_key": "2c730553-906c-4cb0-8f38-ee8e619cfe6c", "last_published_at": "2026-01-15T07:51:59.299Z", "first_published_at": "2026-01-15T07:51:59.299Z", "search_description": "", "wagtail_admin_comments": [], "has_unpublished_changes": false, "latest_revision_created_at": "2026-01-15T07:51:59.260Z"}	\N	4	1	44	1	Achievements
35	2026-01-21 15:43:31.434629+05:30	{"pk": 4, "live": true, "path": "000100010002", "slug": "achievements", "depth": 3, "intro": "", "owner": 1, "title": "Achievements", "locale": 1, "locked": false, "expired": false, "alias_of": null, "numchild": 0, "url_path": "/home/achievements/", "expire_at": null, "locked_at": null, "locked_by": null, "seo_title": "", "go_live_at": null, "draft_title": "Achievements", "achievements": "[{\\"id\\": \\"d432161f-7ffa-4ab6-a6ec-3493a10d3d00\\", \\"type\\": \\"achievement\\", \\"value\\": {\\"image\\": null, \\"title\\": \\"Major Legal & Public Interest Achievements of Forum for Fairness in Education (FFE)\\", \\"description\\": \\"<h3 data-block-key=\\\\\\"vf398\\\\\\">Protection of Students\\\\u2019 Right to Admission</h3><ul><li data-block-key=\\\\\\"d455e\\\\\\">Successfully filed a Writ Petition against denial of admission to a sibling child, securing admission through court intervention.</li><li data-block-key=\\\\\\"7k1el\\\\\\">Filed a Writ Petition against denial of admission to meritorious students, resulting in \\\\u20b94.60 crores compensation to 23 medical students.</li><li data-block-key=\\\\\\"4jg2f\\\\\\">Filed PILs against unauthorised and illegal admissions in junior colleges, engineering colleges, and management institutes.</li></ul>\\"}}, {\\"id\\": \\"a7f750ab-8209-402c-bb6c-e5ea0526f9d8\\", \\"type\\": \\"achievement\\", \\"value\\": {\\"image\\": null, \\"title\\": \\"Crackdown on Capitation Fees & Illegal Fee Collection\\", \\"description\\": \\"<ul><li data-block-key=\\\\\\"u1riy\\\\\\">Filed a Writ Petition against a junior college for collecting capitation fees, resulting in a refund of approximately \\\\u20b98 crores with interest.</li><li data-block-key=\\\\\\"7ufun\\\\\\">Intervened in multiple cases leading to refunds of nearly \\\\u20b920 crores by various schools.</li><li data-block-key=\\\\\\"1q85\\\\\\">Filed FIRs against schools collecting capitation fees, leading to the arrest of management members and trustees.</li><li data-block-key=\\\\\\"alhp6\\\\\\">PILs filed against international schools charging exorbitant fees under the guise of international education (matter pending).</li></ul>\\"}}, {\\"id\\": \\"209731d0-eb05-4049-8de1-0402768238fa\\", \\"type\\": \\"achievement\\", \\"value\\": {\\"image\\": null, \\"title\\": \\"Fee Regulation & Policy Reforms\\", \\"description\\": \\"<ul><li data-block-key=\\\\\\"pucf4\\\\\\">Conducted an 8-day hunger strike at Azad Maidan, which directly led to the formulation of the Maharashtra Fee Regulation Act, 2011.</li><li data-block-key=\\\\\\"6aa2t\\\\\\">Filed PILs against 31 schools for charging excessive fees.</li><li data-block-key=\\\\\\"bmh6f\\\\\\">Served as a Bansal Committee Member, appointed by the Government, to fix norms for private school fee determination.</li></ul>\\"}}, {\\"id\\": \\"7a47ff01-bd7a-45cb-a600-294ce5ff61bb\\", \\"type\\": \\"achievement\\", \\"value\\": {\\"image\\": null, \\"title\\": \\"Landmark PILs in Education Governance\\", \\"description\\": \\"<ul><li data-block-key=\\\\\\"rpk44\\\\\\">PIL filed against appointment of the Vice Chancellor of Mumbai University, resulting in cancellation of the appointment.</li><li data-block-key=\\\\\\"fgtjg\\\\\\">PIL exposed the Sarva Shiksha Abhiyan scam of \\\\u20b975 crores, leading to court-ordered inquiry and cases against those involved.</li><li data-block-key=\\\\\\"c64uv\\\\\\">Filed PILs to abolish management quota within government quota.</li><li data-block-key=\\\\\\"7n2j\\\\\\">PILs filed to regulate coaching classes in Maharashtra (government directed to regulate; pending implementation).</li></ul>\\"}}, {\\"id\\": \\"d31bdf1a-3ca2-4b89-aa40-1317e6138f39\\", \\"type\\": \\"achievement\\", \\"value\\": {\\"image\\": null, \\"title\\": \\"Safeguarding Children\\\\u2019s Rights & Welfare\\", \\"description\\": \\"<ul><li data-block-key=\\\\\\"5lfph\\\\\\">Cases filed before the <b>Child Rights Commission</b> resulted in favourable orders against harassment and unlawful expulsion of students.<br/></li><li data-block-key=\\\\\\"c7tli\\\\\\">Filed PIL against <b>conducting interviews for pre-primary admissions</b> (pending).<br/></li><li data-block-key=\\\\\\"6ir7m\\\\\\">Filed PIL for <b>mandatory minimum 75% attendance</b>, which was allowed by the court.<br/></li><li data-block-key=\\\\\\"12omg\\\\\\">Filed PIL limiting <b>overcrowding in classrooms</b>, reducing class size from 170+ students to a maximum of 80.</li></ul>\\"}}, {\\"id\\": \\"6690dd46-e015-448e-b853-520ddcccf4b1\\", \\"type\\": \\"achievement\\", \\"value\\": {\\"image\\": null, \\"title\\": \\"Institutional Accountability & Malpractice Exposure\\", \\"description\\": \\"<ul><li data-block-key=\\\\\\"5lfph\\\\\\">Filed PILs against <b>unauthorised schools (140 institutions)</b> operating illegally.<br/></li><li data-block-key=\\\\\\"e5mas\\\\\\">Filed nationwide PILs against <b>Institute of Mechanical Engineers (IME)</b> for issuing bogus degree certificates to thousands of students.<br/> Result: IME was <b>prohibited by the HRD Ministry</b>.<br/></li><li data-block-key=\\\\\\"dsv9g\\\\\\">PILs against medical and engineering colleges for <b>misuse of NRI quota and corruption</b>.<br/></li><li data-block-key=\\\\\\"51uds\\\\\\">PIL against catering colleges for malpractices (disposed of).</li></ul>\\"}}, {\\"id\\": \\"853ee1c0-4bf4-4677-b50b-2df0189c5c10\\", \\"type\\": \\"achievement\\", \\"value\\": {\\"image\\": null, \\"title\\": \\"Scholarships & Financial Relief for Students\\", \\"description\\": \\"<ul><li data-block-key=\\\\\\"5lfph\\\\\\">Secured <b>scholarships for 119 students (KG to Class 10)</b> from a reputed Santacruz school.<br/></li><li data-block-key=\\\\\\"9h3ri\\\\\\">Secured <b>scholarships for 35 students</b> from a reputed Bandra school.<br/></li><li data-block-key=\\\\\\"3c7mk\\\\\\">Filed WP for <b>non-refund of admission fees</b>, resulting in refund with <b>9% interest</b>.<br/></li></ul>\\"}}, {\\"id\\": \\"832fe508-7486-4cf4-aaa7-a846aced4640\\", \\"type\\": \\"achievement\\", \\"value\\": {\\"image\\": null, \\"title\\": \\"Teachers\\\\u2019 Rights & Educational Standards\\", \\"description\\": \\"<ul><li data-block-key=\\\\\\"5lfph\\\\\\">Led a <b>hunger strike for implementation of the 6th Pay Commission</b>, resulting in teachers receiving pending salaries.<br/></li><li data-block-key=\\\\\\"bm21r\\\\\\">PIL filed against <b>unqualified teacher appointments by the Government</b>.<br/></li><li data-block-key=\\\\\\"abm7\\\\\\">PIL against <b>teachers taking private tuitions</b>, leading to <b>expulsion of over 500 teachers</b>.<br/></li><li data-block-key=\\\\\\"90cbv\\\\\\">PIL to improve <b>infrastructure and facilities in government schools</b>.</li></ul>\\"}}, {\\"id\\": \\"773a7aa8-8195-4cb4-be5e-6ecd53af82f4\\", \\"type\\": \\"achievement\\", \\"value\\": {\\"image\\": null, \\"title\\": \\"Transport, Safety & Infrastructure\\", \\"description\\": \\"<ul><li data-block-key=\\\\\\"5lfph\\\\\\">Filed PIL in the <b>school bus strike matter</b>, resulting in a <b>statewide prohibition of bus strikes</b> in Maharashtra.<br/></li><li data-block-key=\\\\\\"341bc\\\\\\">Filed PIL against <b>forced purchase of school essentials</b> such as uniforms, books, and stationery \\\\u2014 <b>won the case</b>.<br/></li><li data-block-key=\\\\\\"8g9m3\\\\\\">Filed PIL against <b>shifting and closure of schools</b>, successfully preventing unjustified relocations.</li></ul>\\"}}, {\\"id\\": \\"c6e8f6ee-e0d2-4d0d-9914-7a6fad04a99a\\", \\"type\\": \\"achievement\\", \\"value\\": {\\"image\\": null, \\"title\\": \\"Admissions Transparency & Reforms\\", \\"description\\": \\"<ul><li data-block-key=\\\\\\"5lfph\\\\\\">Intervention petition filed regarding <b>Best Five subjects and percentile system for Class 11 admissions</b>.<br/></li><li data-block-key=\\\\\\"aprk5\\\\\\">WP in engineering admissions advocating for <b>single CET system</b>.<br/></li><li data-block-key=\\\\\\"4aliv\\\\\\">PILs for <b>centralised and online admissions</b> across colleges.<br/></li><li data-block-key=\\\\\\"2tav0\\\\\\">PIL against colleges admitting <b>30 extra students illegally</b>.</li></ul>\\"}}, {\\"id\\": \\"1778cb68-efe4-4c3b-a291-c1ef659e6934\\", \\"type\\": \\"achievement\\", \\"value\\": {\\"image\\": null, \\"title\\": \\"RTI Advocacy & Awareness\\", \\"description\\": \\"<ul><li data-block-key=\\\\\\"5lfph\\\\\\">Filed numerous <b>RTI applications</b> to expose corruption.<br/></li><li data-block-key=\\\\\\"5o91u\\\\\\">Conducted <b>RTI seminars</b> to educate parents and stakeholders on their rights.<br/></li><li data-block-key=\\\\\\"4og4k\\\\\\">PIL filed against <b>quashing of Maharashtra RTI Act (PIL 550/2001)</b>.</li></ul>\\"}}, {\\"id\\": \\"dec3f31c-f251-472a-b041-9e899eebf954\\", \\"type\\": \\"achievement\\", \\"value\\": {\\"image\\": null, \\"title\\": \\"Public Movements & Grassroots Action\\", \\"description\\": \\"<ul><li data-block-key=\\\\\\"5lfph\\\\\\">Organised <b>hunger strikes, protests, rasta roko movements</b>, and formal representations to authorities.<br/></li><li data-block-key=\\\\\\"f89rj\\\\\\">Successfully resolved <b>many disputes amicably</b> through dialogue with school managements.<br/></li><li data-block-key=\\\\\\"5ofak\\\\\\">Supported <b>genuine schools</b> in litigation where parents\\\\u2019 claims were unfounded, securing favourable High Court orders.</li></ul>\\"}}, {\\"id\\": \\"c437fe36-5421-4c39-81a9-7f30a189d1ec\\", \\"type\\": \\"achievement\\", \\"value\\": {\\"image\\": null, \\"title\\": \\"Ongoing & Continuing Efforts\\", \\"description\\": \\"<ul><li data-block-key=\\\\\\"5lfph\\\\\\">PILs in Supreme Court to expedite High Court hearings.<br/></li><li data-block-key=\\\\\\"1s6ah\\\\\\">PIL to stop astrology as an academic subject (dismissed).<br/></li><li data-block-key=\\\\\\"j1cs\\\\\\">PIL for pre-primary regulation (disposed of).<br/></li><li data-block-key=\\\\\\"4q04q\\\\\\">PIL against international schools\\\\u2019 fee practices (pending).<br/></li></ul>\\"}}, {\\"id\\": \\"fb6d992f-f28d-47ef-bcbe-5225a2c586cb\\", \\"type\\": \\"achievement\\", \\"value\\": {\\"image\\": null, \\"title\\": \\"Legacy\\", \\"description\\": \\"<p data-block-key=\\\\\\"5lfph\\\\\\"><b>Forum for Fairness in Education (FFE)</b> has consistently fought for transparency, fairness, accountability, and justice in the education system through <b>hundreds of legal interventions, policy reforms, and public movements</b> \\\\u2014 many of which have shaped Maharashtra\\\\u2019s education landscape.</p>\\"}}]", "content_type": 44, "live_revision": 29, "show_in_menus": false, "latest_revision": 29, "translation_key": "2c730553-906c-4cb0-8f38-ee8e619cfe6c", "last_published_at": "2026-01-15T10:34:50.414Z", "first_published_at": "2026-01-15T07:51:59.299Z", "search_description": "", "wagtail_admin_comments": [], "has_unpublished_changes": false, "latest_revision_created_at": "2026-01-15T10:34:50.391Z"}	\N	4	\N	44	1	Achievements
9	2026-01-15 15:25:51.849+05:30	{"pk": 4, "body": "<p data-block-key=\\"fn631\\">Achievement Body&lt;h3&gt;🏆 National Education Award – 2024&lt;/h3&gt;</p><p data-block-key=\\"3rnld\\">&lt;p&gt;Recognized for promoting fairness in rural education.&lt;/p&gt;</p><p data-block-key=\\"65q14\\"></p><p data-block-key=\\"345o0\\">&lt;h3&gt;📈 50,000+ Students Impacted&lt;/h3&gt;</p><p data-block-key=\\"3l6oj\\">&lt;p&gt;Reached across 120+ districts through digital initiatives.&lt;/p&gt;</p><p data-block-key=\\"7ifl1\\"></p><p data-block-key=\\"8dp6u\\">&lt;h3&gt;🤝 Government Collaboration&lt;/h3&gt;</p><p data-block-key=\\"76hsd\\">&lt;p&gt;Worked with state education departments on policy research.&lt;/p&gt;</p><p data-block-key=\\"1rvkl\\"></p>", "live": true, "path": "000100010002", "slug": "achievements", "depth": 3, "intro": "<p data-block-key=\\"vmy7z\\">Achievements intro</p>", "owner": 1, "title": "Achievements", "locale": 1, "locked": false, "expired": false, "alias_of": null, "numchild": 0, "url_path": "/home/achievements/", "expire_at": null, "locked_at": null, "locked_by": null, "seo_title": "", "go_live_at": null, "draft_title": "Achievements", "content_type": 45, "live_revision": 6, "show_in_menus": false, "latest_revision": 8, "translation_key": "2c730553-906c-4cb0-8f38-ee8e619cfe6c", "last_published_at": "2026-01-15T07:51:59.299Z", "first_published_at": "2026-01-15T07:51:59.299Z", "search_description": "", "wagtail_admin_comments": [], "has_unpublished_changes": true, "latest_revision_created_at": "2026-01-15T09:55:16.088Z"}	\N	4	1	44	1	Achievements
10	2026-01-15 15:31:14.345+05:30	{"pk": 4, "live": true, "path": "000100010002", "slug": "achievements", "depth": 3, "intro": "<p data-block-key=\\"vmy7z\\">Achievements intro</p>", "owner": 1, "title": "Achievements", "locale": 1, "locked": false, "expired": false, "alias_of": null, "numchild": 0, "url_path": "/home/achievements/", "expire_at": null, "locked_at": null, "locked_by": null, "seo_title": "", "go_live_at": null, "draft_title": "Achievements", "achievements": "[{\\"type\\": \\"achievement\\", \\"value\\": {\\"title\\": \\"WP filed against denial of admission in Preprimary\\", \\"description\\": \\"- won the matter.\\", \\"image\\": null}, \\"id\\": \\"d432161f-7ffa-4ab6-a6ec-3493a10d3d00\\"}]", "content_type": 45, "live_revision": 9, "show_in_menus": false, "latest_revision": 9, "translation_key": "2c730553-906c-4cb0-8f38-ee8e619cfe6c", "last_published_at": "2026-01-15T09:55:51.882Z", "first_published_at": "2026-01-15T07:51:59.299Z", "search_description": "", "wagtail_admin_comments": [], "has_unpublished_changes": false, "latest_revision_created_at": "2026-01-15T09:55:51.849Z"}	\N	4	1	44	1	Achievements
11	2026-01-15 15:31:15.164+05:30	{"pk": 4, "live": true, "path": "000100010002", "slug": "achievements", "depth": 3, "intro": "<p data-block-key=\\"vmy7z\\">Achievements intro</p>", "owner": 1, "title": "Achievements", "locale": 1, "locked": false, "expired": false, "alias_of": null, "numchild": 0, "url_path": "/home/achievements/", "expire_at": null, "locked_at": null, "locked_by": null, "seo_title": "", "go_live_at": null, "draft_title": "Achievements", "achievements": "[{\\"type\\": \\"achievement\\", \\"value\\": {\\"title\\": \\"WP filed against denial of admission in Preprimary\\", \\"description\\": \\"- won the matter.\\", \\"image\\": null}, \\"id\\": \\"d432161f-7ffa-4ab6-a6ec-3493a10d3d00\\"}]", "content_type": 45, "live_revision": 9, "show_in_menus": false, "latest_revision": 10, "translation_key": "2c730553-906c-4cb0-8f38-ee8e619cfe6c", "last_published_at": "2026-01-15T09:55:51.882Z", "first_published_at": "2026-01-15T07:51:59.299Z", "search_description": "", "wagtail_admin_comments": [], "has_unpublished_changes": true, "latest_revision_created_at": "2026-01-15T10:01:14.345Z"}	\N	4	1	44	1	Achievements
12	2026-01-15 15:31:20.77+05:30	{"pk": 4, "live": true, "path": "000100010002", "slug": "achievements", "depth": 3, "intro": "<p data-block-key=\\"vmy7z\\">Achievements intro</p>", "owner": 1, "title": "Achievements", "locale": 1, "locked": false, "expired": false, "alias_of": null, "numchild": 0, "url_path": "/home/achievements/", "expire_at": null, "locked_at": null, "locked_by": null, "seo_title": "", "go_live_at": null, "draft_title": "Achievements", "achievements": "[{\\"type\\": \\"achievement\\", \\"value\\": {\\"title\\": \\"WP filed against denial of admission in Preprimary\\", \\"description\\": \\"- won the matter.\\", \\"image\\": null}, \\"id\\": \\"d432161f-7ffa-4ab6-a6ec-3493a10d3d00\\"}]", "content_type": 45, "live_revision": 9, "show_in_menus": false, "latest_revision": 11, "translation_key": "2c730553-906c-4cb0-8f38-ee8e619cfe6c", "last_published_at": "2026-01-15T09:55:51.882Z", "first_published_at": "2026-01-15T07:51:59.299Z", "search_description": "", "wagtail_admin_comments": [], "has_unpublished_changes": true, "latest_revision_created_at": "2026-01-15T10:01:15.164Z"}	\N	4	1	44	1	Achievements
13	2026-01-15 15:33:12.955+05:30	{"pk": 4, "live": true, "path": "000100010002", "slug": "achievements", "depth": 3, "intro": "", "owner": 1, "title": "Achievements", "locale": 1, "locked": false, "expired": false, "alias_of": null, "numchild": 0, "url_path": "/home/achievements/", "expire_at": null, "locked_at": null, "locked_by": null, "seo_title": "", "go_live_at": null, "draft_title": "Achievements", "achievements": "[{\\"type\\": \\"achievement\\", \\"value\\": {\\"title\\": \\"1. WP filed against denial of admission in Preprimary\\", \\"description\\": \\"- won the matter.\\", \\"image\\": null}, \\"id\\": \\"d432161f-7ffa-4ab6-a6ec-3493a10d3d00\\"}]", "content_type": 45, "live_revision": 12, "show_in_menus": false, "latest_revision": 12, "translation_key": "2c730553-906c-4cb0-8f38-ee8e619cfe6c", "last_published_at": "2026-01-15T10:01:20.813Z", "first_published_at": "2026-01-15T07:51:59.299Z", "search_description": "", "wagtail_admin_comments": [], "has_unpublished_changes": false, "latest_revision_created_at": "2026-01-15T10:01:20.770Z"}	\N	4	1	44	1	Achievements
14	2026-01-15 15:33:16.097+05:30	{"pk": 4, "live": true, "path": "000100010002", "slug": "achievements", "depth": 3, "intro": "", "owner": 1, "title": "Achievements", "locale": 1, "locked": false, "expired": false, "alias_of": null, "numchild": 0, "url_path": "/home/achievements/", "expire_at": null, "locked_at": null, "locked_by": null, "seo_title": "", "go_live_at": null, "draft_title": "Achievements", "achievements": "[{\\"type\\": \\"achievement\\", \\"value\\": {\\"title\\": \\"1. WP filed against denial of admission in Preprimary\\", \\"description\\": \\"- won the matter.\\", \\"image\\": null}, \\"id\\": \\"d432161f-7ffa-4ab6-a6ec-3493a10d3d00\\"}]", "content_type": 45, "live_revision": 12, "show_in_menus": false, "latest_revision": 13, "translation_key": "2c730553-906c-4cb0-8f38-ee8e619cfe6c", "last_published_at": "2026-01-15T10:01:20.813Z", "first_published_at": "2026-01-15T07:51:59.299Z", "search_description": "", "wagtail_admin_comments": [], "has_unpublished_changes": true, "latest_revision_created_at": "2026-01-15T10:03:12.955Z"}	\N	4	1	44	1	Achievements
18	2026-01-15 15:44:29.255+05:30	{"pk": 4, "live": true, "path": "000100010002", "slug": "achievements", "depth": 3, "intro": "", "owner": 1, "title": "Achievements", "locale": 1, "locked": false, "expired": false, "alias_of": null, "numchild": 0, "url_path": "/home/achievements/", "expire_at": null, "locked_at": null, "locked_by": null, "seo_title": "", "go_live_at": null, "draft_title": "Achievements", "achievements": "[{\\"type\\": \\"achievement\\", \\"value\\": {\\"title\\": \\"Major Legal & Public Interest Achievements of Forum for Fairness in Education (FFE)\\", \\"description\\": \\"Protection of Students\\\\u2019 Right to Admission\\\\r\\\\n\\\\r\\\\nSuccessfully filed a Writ Petition against denial of admission to a sibling child, securing admission through court intervention.\\\\r\\\\n\\\\r\\\\nFiled a Writ Petition against denial of admission to meritorious students, resulting in \\\\u20b94.60 crores compensation (\\\\u20b920 lakhs each) paid to 23 medical students as ordered by the Supreme Court.\\\\r\\\\n\\\\r\\\\nFiled PILs against unauthorised and illegal admissions in junior colleges, engineering colleges, and management institutes, ensuring transparency and compliance.\\", \\"image\\": null}, \\"id\\": \\"d432161f-7ffa-4ab6-a6ec-3493a10d3d00\\"}, {\\"type\\": \\"achievement\\", \\"value\\": {\\"title\\": \\"Crackdown on Capitation Fees & Illegal Fee Collection\\", \\"description\\": \\"Filed a Writ Petition against a junior college for collecting capitation fees, resulting in a refund of approximately \\\\u20b98 crores with interest.\\\\r\\\\n\\\\r\\\\nIntervened in multiple cases leading to refunds of nearly \\\\u20b920 crores by various schools.\\\\r\\\\n\\\\r\\\\nFiled FIRs against schools collecting capitation fees, leading to the arrest of management members and trustees.\\\\r\\\\n\\\\r\\\\nPILs filed against international schools charging exorbitant fees under the guise of international education (matter pending).\\", \\"image\\": null}, \\"id\\": \\"a7f750ab-8209-402c-bb6c-e5ea0526f9d8\\"}]", "content_type": 45, "live_revision": 16, "show_in_menus": false, "latest_revision": 17, "translation_key": "2c730553-906c-4cb0-8f38-ee8e619cfe6c", "last_published_at": "2026-01-15T10:04:28.575Z", "first_published_at": "2026-01-15T07:51:59.299Z", "search_description": "", "wagtail_admin_comments": [], "has_unpublished_changes": true, "latest_revision_created_at": "2026-01-15T10:14:02.122Z"}	\N	4	1	44	1	Achievements
23	2026-01-15 15:55:15.579+05:30	{"pk": 4, "live": true, "path": "000100010002", "slug": "achievements", "depth": 3, "intro": "", "owner": 1, "title": "Achievements", "locale": 1, "locked": false, "expired": false, "alias_of": null, "numchild": 0, "url_path": "/home/achievements/", "expire_at": null, "locked_at": null, "locked_by": null, "seo_title": "", "go_live_at": null, "draft_title": "Achievements", "achievements": "[{\\"type\\": \\"achievement\\", \\"value\\": {\\"title\\": \\"Major Legal & Public Interest Achievements of Forum for Fairness in Education (FFE)\\", \\"description\\": \\"<h3 data-block-key=\\\\\\"vf398\\\\\\">Protection of Students\\\\u2019 Right to Admission </h3><ul><li data-block-key=\\\\\\"d455e\\\\\\">Successfully filed a Writ Petition against denial of admission to a sibling child, securing admission through court intervention. </li><li data-block-key=\\\\\\"7k1el\\\\\\"> Filed a Writ Petition against denial of admission to meritorious students, resulting in \\\\u20b94.60 crores compensation to 23 medical students.</li><li data-block-key=\\\\\\"4jg2f\\\\\\"> Filed PILs against unauthorised and illegal admissions in junior colleges, engineering colleges, and management institutes.</li></ul>\\", \\"image\\": null}, \\"id\\": \\"d432161f-7ffa-4ab6-a6ec-3493a10d3d00\\"}, {\\"type\\": \\"achievement\\", \\"value\\": {\\"title\\": \\"Crackdown on Capitation Fees & Illegal Fee Collection\\", \\"description\\": \\"<p data-block-key=\\\\\\"u1riy\\\\\\">Filed a Writ Petition against a junior college for collecting capitation fees, resulting in a refund of approximately \\\\u20b98 crores with interest. Intervened in multiple cases leading to refunds of nearly \\\\u20b920 crores by various schools. Filed FIRs against schools collecting capitation fees, leading to the arrest of management members and trustees. PILs filed against international schools charging exorbitant fees under the guise of international education (matter pending).</p>\\", \\"image\\": null}, \\"id\\": \\"a7f750ab-8209-402c-bb6c-e5ea0526f9d8\\"}, {\\"type\\": \\"achievement\\", \\"value\\": {\\"title\\": \\"Fee Regulation & Policy Reforms\\", \\"description\\": \\"<p data-block-key=\\\\\\"pucf4\\\\\\">Conducted an 8-day hunger strike at Azad Maidan, which directly led to the formulation of the Maharashtra Fee Regulation Act, 2011. Filed PILs against 31 schools for charging excessive fees. Served as a Bansal Committee Member, appointed by the Government, to fix norms for private school fee determination.</p>\\", \\"image\\": null}, \\"id\\": \\"209731d0-eb05-4049-8de1-0402768238fa\\"}, {\\"type\\": \\"achievement\\", \\"value\\": {\\"title\\": \\"Landmark PILs in Education Governance\\", \\"description\\": \\"<p data-block-key=\\\\\\"rpk44\\\\\\">PIL filed against appointment of the Vice Chancellor of Mumbai University, resulting in cancellation of the appointment. PIL exposed the Sarva Shiksha Abhiyan scam of \\\\u20b975 crores, leading to court-ordered inquiry and cases against those involved. Filed PILs to abolish management quota within government quota. PILs filed to regulate coaching classes in Maharashtra (government directed to regulate; pending implementation).</p>\\", \\"image\\": null}, \\"id\\": \\"7a47ff01-bd7a-45cb-a600-294ce5ff61bb\\"}]", "content_type": 45, "live_revision": 22, "show_in_menus": false, "latest_revision": 22, "translation_key": "2c730553-906c-4cb0-8f38-ee8e619cfe6c", "last_published_at": "2026-01-15T10:18:26.105Z", "first_published_at": "2026-01-15T07:51:59.299Z", "search_description": "", "wagtail_admin_comments": [], "has_unpublished_changes": false, "latest_revision_created_at": "2026-01-15T10:18:26.066Z"}	\N	4	1	44	1	Achievements
24	2026-01-15 15:56:35.55+05:30	{"pk": 4, "live": true, "path": "000100010002", "slug": "achievements", "depth": 3, "intro": "", "owner": 1, "title": "Achievements", "locale": 1, "locked": false, "expired": false, "alias_of": null, "numchild": 0, "url_path": "/home/achievements/", "expire_at": null, "locked_at": null, "locked_by": null, "seo_title": "", "go_live_at": null, "draft_title": "Achievements", "achievements": "[{\\"type\\": \\"achievement\\", \\"value\\": {\\"title\\": \\"Major Legal & Public Interest Achievements of Forum for Fairness in Education (FFE)\\", \\"description\\": \\"<h3 data-block-key=\\\\\\"vf398\\\\\\">Protection of Students\\\\u2019 Right to Admission</h3><ul><li data-block-key=\\\\\\"d455e\\\\\\">Successfully filed a Writ Petition against denial of admission to a sibling child, securing admission through court intervention.</li><li data-block-key=\\\\\\"7k1el\\\\\\">Filed a Writ Petition against denial of admission to meritorious students, resulting in \\\\u20b94.60 crores compensation to 23 medical students.</li><li data-block-key=\\\\\\"4jg2f\\\\\\">Filed PILs against unauthorised and illegal admissions in junior colleges, engineering colleges, and management institutes.</li></ul>\\", \\"image\\": null}, \\"id\\": \\"d432161f-7ffa-4ab6-a6ec-3493a10d3d00\\"}, {\\"type\\": \\"achievement\\", \\"value\\": {\\"title\\": \\"Crackdown on Capitation Fees & Illegal Fee Collection\\", \\"description\\": \\"<p data-block-key=\\\\\\"u1riy\\\\\\">Filed a Writ Petition against a junior college for collecting capitation fees, resulting in a refund of approximately \\\\u20b98 crores with interest. Intervened in multiple cases leading to refunds of nearly \\\\u20b920 crores by various schools. Filed FIRs against schools collecting capitation fees, leading to the arrest of management members and trustees. PILs filed against international schools charging exorbitant fees under the guise of international education (matter pending).</p>\\", \\"image\\": null}, \\"id\\": \\"a7f750ab-8209-402c-bb6c-e5ea0526f9d8\\"}, {\\"type\\": \\"achievement\\", \\"value\\": {\\"title\\": \\"Fee Regulation & Policy Reforms\\", \\"description\\": \\"<p data-block-key=\\\\\\"pucf4\\\\\\">Conducted an 8-day hunger strike at Azad Maidan, which directly led to the formulation of the Maharashtra Fee Regulation Act, 2011. Filed PILs against 31 schools for charging excessive fees. Served as a Bansal Committee Member, appointed by the Government, to fix norms for private school fee determination.</p>\\", \\"image\\": null}, \\"id\\": \\"209731d0-eb05-4049-8de1-0402768238fa\\"}, {\\"type\\": \\"achievement\\", \\"value\\": {\\"title\\": \\"Landmark PILs in Education Governance\\", \\"description\\": \\"<p data-block-key=\\\\\\"rpk44\\\\\\">PIL filed against appointment of the Vice Chancellor of Mumbai University, resulting in cancellation of the appointment. PIL exposed the Sarva Shiksha Abhiyan scam of \\\\u20b975 crores, leading to court-ordered inquiry and cases against those involved. Filed PILs to abolish management quota within government quota. PILs filed to regulate coaching classes in Maharashtra (government directed to regulate; pending implementation).</p>\\", \\"image\\": null}, \\"id\\": \\"7a47ff01-bd7a-45cb-a600-294ce5ff61bb\\"}]", "content_type": 45, "live_revision": 22, "show_in_menus": false, "latest_revision": 23, "translation_key": "2c730553-906c-4cb0-8f38-ee8e619cfe6c", "last_published_at": "2026-01-15T10:18:26.105Z", "first_published_at": "2026-01-15T07:51:59.299Z", "search_description": "", "wagtail_admin_comments": [], "has_unpublished_changes": true, "latest_revision_created_at": "2026-01-15T10:25:15.579Z"}	\N	4	1	44	1	Achievements
25	2026-01-15 15:56:39.448+05:30	{"pk": 4, "live": true, "path": "000100010002", "slug": "achievements", "depth": 3, "intro": "", "owner": 1, "title": "Achievements", "locale": 1, "locked": false, "expired": false, "alias_of": null, "numchild": 0, "url_path": "/home/achievements/", "expire_at": null, "locked_at": null, "locked_by": null, "seo_title": "", "go_live_at": null, "draft_title": "Achievements", "achievements": "[{\\"type\\": \\"achievement\\", \\"value\\": {\\"title\\": \\"Major Legal & Public Interest Achievements of Forum for Fairness in Education (FFE)\\", \\"description\\": \\"<h3 data-block-key=\\\\\\"vf398\\\\\\">Protection of Students\\\\u2019 Right to Admission</h3><ul><li data-block-key=\\\\\\"d455e\\\\\\">Successfully filed a Writ Petition against denial of admission to a sibling child, securing admission through court intervention.</li><li data-block-key=\\\\\\"7k1el\\\\\\">Filed a Writ Petition against denial of admission to meritorious students, resulting in \\\\u20b94.60 crores compensation to 23 medical students.</li><li data-block-key=\\\\\\"4jg2f\\\\\\">Filed PILs against unauthorised and illegal admissions in junior colleges, engineering colleges, and management institutes.</li></ul>\\", \\"image\\": null}, \\"id\\": \\"d432161f-7ffa-4ab6-a6ec-3493a10d3d00\\"}, {\\"type\\": \\"achievement\\", \\"value\\": {\\"title\\": \\"Crackdown on Capitation Fees & Illegal Fee Collection\\", \\"description\\": \\"<p data-block-key=\\\\\\"u1riy\\\\\\">Filed a Writ Petition against a junior college for collecting capitation fees, resulting in a refund of approximately \\\\u20b98 crores with interest. Intervened in multiple cases leading to refunds of nearly \\\\u20b920 crores by various schools. Filed FIRs against schools collecting capitation fees, leading to the arrest of management members and trustees. PILs filed against international schools charging exorbitant fees under the guise of international education (matter pending).</p>\\", \\"image\\": null}, \\"id\\": \\"a7f750ab-8209-402c-bb6c-e5ea0526f9d8\\"}, {\\"type\\": \\"achievement\\", \\"value\\": {\\"title\\": \\"Fee Regulation & Policy Reforms\\", \\"description\\": \\"<p data-block-key=\\\\\\"pucf4\\\\\\">Conducted an 8-day hunger strike at Azad Maidan, which directly led to the formulation of the Maharashtra Fee Regulation Act, 2011. Filed PILs against 31 schools for charging excessive fees. Served as a Bansal Committee Member, appointed by the Government, to fix norms for private school fee determination.</p>\\", \\"image\\": null}, \\"id\\": \\"209731d0-eb05-4049-8de1-0402768238fa\\"}, {\\"type\\": \\"achievement\\", \\"value\\": {\\"title\\": \\"Landmark PILs in Education Governance\\", \\"description\\": \\"<p data-block-key=\\\\\\"rpk44\\\\\\">PIL filed against appointment of the Vice Chancellor of Mumbai University, resulting in cancellation of the appointment. PIL exposed the Sarva Shiksha Abhiyan scam of \\\\u20b975 crores, leading to court-ordered inquiry and cases against those involved. Filed PILs to abolish management quota within government quota. PILs filed to regulate coaching classes in Maharashtra (government directed to regulate; pending implementation).</p>\\", \\"image\\": null}, \\"id\\": \\"7a47ff01-bd7a-45cb-a600-294ce5ff61bb\\"}]", "content_type": 45, "live_revision": 22, "show_in_menus": false, "latest_revision": 24, "translation_key": "2c730553-906c-4cb0-8f38-ee8e619cfe6c", "last_published_at": "2026-01-15T10:18:26.105Z", "first_published_at": "2026-01-15T07:51:59.299Z", "search_description": "", "wagtail_admin_comments": [], "has_unpublished_changes": true, "latest_revision_created_at": "2026-01-15T10:26:35.550Z"}	\N	4	1	44	1	Achievements
26	2026-01-15 15:59:42.673+05:30	{"pk": 4, "live": true, "path": "000100010002", "slug": "achievements", "depth": 3, "intro": "", "owner": 1, "title": "Achievements", "locale": 1, "locked": false, "expired": false, "alias_of": null, "numchild": 0, "url_path": "/home/achievements/", "expire_at": null, "locked_at": null, "locked_by": null, "seo_title": "", "go_live_at": null, "draft_title": "Achievements", "achievements": "[{\\"type\\": \\"achievement\\", \\"value\\": {\\"title\\": \\"Major Legal & Public Interest Achievements of Forum for Fairness in Education (FFE)\\", \\"description\\": \\"<h3 data-block-key=\\\\\\"vf398\\\\\\">Protection of Students\\\\u2019 Right to Admission</h3><ul><li data-block-key=\\\\\\"d455e\\\\\\">Successfully filed a Writ Petition against denial of admission to a sibling child, securing admission through court intervention.</li><li data-block-key=\\\\\\"7k1el\\\\\\">Filed a Writ Petition against denial of admission to meritorious students, resulting in \\\\u20b94.60 crores compensation to 23 medical students.</li><li data-block-key=\\\\\\"4jg2f\\\\\\">Filed PILs against unauthorised and illegal admissions in junior colleges, engineering colleges, and management institutes.</li></ul>\\", \\"image\\": null}, \\"id\\": \\"d432161f-7ffa-4ab6-a6ec-3493a10d3d00\\"}, {\\"type\\": \\"achievement\\", \\"value\\": {\\"title\\": \\"Crackdown on Capitation Fees & Illegal Fee Collection\\", \\"description\\": \\"<p data-block-key=\\\\\\"u1riy\\\\\\">Filed a Writ Petition against a junior college for collecting capitation fees, resulting in a refund of approximately \\\\u20b98 crores with interest. Intervened in multiple cases leading to refunds of nearly \\\\u20b920 crores by various schools. Filed FIRs against schools collecting capitation fees, leading to the arrest of management members and trustees. PILs filed against international schools charging exorbitant fees under the guise of international education (matter pending).</p>\\", \\"image\\": null}, \\"id\\": \\"a7f750ab-8209-402c-bb6c-e5ea0526f9d8\\"}, {\\"type\\": \\"achievement\\", \\"value\\": {\\"title\\": \\"Fee Regulation & Policy Reforms\\", \\"description\\": \\"<p data-block-key=\\\\\\"pucf4\\\\\\">Conducted an 8-day hunger strike at Azad Maidan, which directly led to the formulation of the Maharashtra Fee Regulation Act, 2011. Filed PILs against 31 schools for charging excessive fees. Served as a Bansal Committee Member, appointed by the Government, to fix norms for private school fee determination.</p>\\", \\"image\\": null}, \\"id\\": \\"209731d0-eb05-4049-8de1-0402768238fa\\"}, {\\"type\\": \\"achievement\\", \\"value\\": {\\"title\\": \\"Landmark PILs in Education Governance\\", \\"description\\": \\"<p data-block-key=\\\\\\"rpk44\\\\\\">PIL filed against appointment of the Vice Chancellor of Mumbai University, resulting in cancellation of the appointment. PIL exposed the Sarva Shiksha Abhiyan scam of \\\\u20b975 crores, leading to court-ordered inquiry and cases against those involved. Filed PILs to abolish management quota within government quota. PILs filed to regulate coaching classes in Maharashtra (government directed to regulate; pending implementation).</p>\\", \\"image\\": null}, \\"id\\": \\"7a47ff01-bd7a-45cb-a600-294ce5ff61bb\\"}]", "content_type": 45, "live_revision": 25, "show_in_menus": false, "latest_revision": 25, "translation_key": "2c730553-906c-4cb0-8f38-ee8e619cfe6c", "last_published_at": "2026-01-15T10:26:39.481Z", "first_published_at": "2026-01-15T07:51:59.299Z", "search_description": "", "wagtail_admin_comments": [], "has_unpublished_changes": false, "latest_revision_created_at": "2026-01-15T10:26:39.448Z"}	\N	4	1	44	1	Achievements
27	2026-01-15 15:59:45.839+05:30	{"pk": 4, "live": true, "path": "000100010002", "slug": "achievements", "depth": 3, "intro": "", "owner": 1, "title": "Achievements", "locale": 1, "locked": false, "expired": false, "alias_of": null, "numchild": 0, "url_path": "/home/achievements/", "expire_at": null, "locked_at": null, "locked_by": null, "seo_title": "", "go_live_at": null, "draft_title": "Achievements", "achievements": "[{\\"type\\": \\"achievement\\", \\"value\\": {\\"title\\": \\"Major Legal & Public Interest Achievements of Forum for Fairness in Education (FFE)\\", \\"description\\": \\"<h3 data-block-key=\\\\\\"vf398\\\\\\">Protection of Students\\\\u2019 Right to Admission</h3><ul><li data-block-key=\\\\\\"d455e\\\\\\">Successfully filed a Writ Petition against denial of admission to a sibling child, securing admission through court intervention.</li><li data-block-key=\\\\\\"7k1el\\\\\\">Filed a Writ Petition against denial of admission to meritorious students, resulting in \\\\u20b94.60 crores compensation to 23 medical students.</li><li data-block-key=\\\\\\"4jg2f\\\\\\">Filed PILs against unauthorised and illegal admissions in junior colleges, engineering colleges, and management institutes.</li></ul>\\", \\"image\\": null}, \\"id\\": \\"d432161f-7ffa-4ab6-a6ec-3493a10d3d00\\"}, {\\"type\\": \\"achievement\\", \\"value\\": {\\"title\\": \\"Crackdown on Capitation Fees & Illegal Fee Collection\\", \\"description\\": \\"<p data-block-key=\\\\\\"u1riy\\\\\\">Filed a Writ Petition against a junior college for collecting capitation fees, resulting in a refund of approximately \\\\u20b98 crores with interest. Intervened in multiple cases leading to refunds of nearly \\\\u20b920 crores by various schools. Filed FIRs against schools collecting capitation fees, leading to the arrest of management members and trustees. PILs filed against international schools charging exorbitant fees under the guise of international education (matter pending).</p>\\", \\"image\\": null}, \\"id\\": \\"a7f750ab-8209-402c-bb6c-e5ea0526f9d8\\"}, {\\"type\\": \\"achievement\\", \\"value\\": {\\"title\\": \\"Fee Regulation & Policy Reforms\\", \\"description\\": \\"<p data-block-key=\\\\\\"pucf4\\\\\\">Conducted an 8-day hunger strike at Azad Maidan, which directly led to the formulation of the Maharashtra Fee Regulation Act, 2011. Filed PILs against 31 schools for charging excessive fees. Served as a Bansal Committee Member, appointed by the Government, to fix norms for private school fee determination.</p>\\", \\"image\\": null}, \\"id\\": \\"209731d0-eb05-4049-8de1-0402768238fa\\"}, {\\"type\\": \\"achievement\\", \\"value\\": {\\"title\\": \\"Landmark PILs in Education Governance\\", \\"description\\": \\"<p data-block-key=\\\\\\"rpk44\\\\\\">PIL filed against appointment of the Vice Chancellor of Mumbai University, resulting in cancellation of the appointment. PIL exposed the Sarva Shiksha Abhiyan scam of \\\\u20b975 crores, leading to court-ordered inquiry and cases against those involved. Filed PILs to abolish management quota within government quota. PILs filed to regulate coaching classes in Maharashtra (government directed to regulate; pending implementation).</p>\\", \\"image\\": null}, \\"id\\": \\"7a47ff01-bd7a-45cb-a600-294ce5ff61bb\\"}]", "content_type": 45, "live_revision": 25, "show_in_menus": false, "latest_revision": 26, "translation_key": "2c730553-906c-4cb0-8f38-ee8e619cfe6c", "last_published_at": "2026-01-15T10:26:39.481Z", "first_published_at": "2026-01-15T07:51:59.299Z", "search_description": "", "wagtail_admin_comments": [], "has_unpublished_changes": true, "latest_revision_created_at": "2026-01-15T10:29:42.673Z"}	\N	4	1	44	1	Achievements
28	2026-01-15 16:04:47.503+05:30	{"pk": 4, "live": true, "path": "000100010002", "slug": "achievements", "depth": 3, "intro": "", "owner": 1, "title": "Achievements", "locale": 1, "locked": false, "expired": false, "alias_of": null, "numchild": 0, "url_path": "/home/achievements/", "expire_at": null, "locked_at": null, "locked_by": null, "seo_title": "", "go_live_at": null, "draft_title": "Achievements", "achievements": "[{\\"type\\": \\"achievement\\", \\"value\\": {\\"title\\": \\"Major Legal & Public Interest Achievements of Forum for Fairness in Education (FFE)\\", \\"description\\": \\"<h3 data-block-key=\\\\\\"vf398\\\\\\">Protection of Students\\\\u2019 Right to Admission</h3><ul><li data-block-key=\\\\\\"d455e\\\\\\">Successfully filed a Writ Petition against denial of admission to a sibling child, securing admission through court intervention.</li><li data-block-key=\\\\\\"7k1el\\\\\\">Filed a Writ Petition against denial of admission to meritorious students, resulting in \\\\u20b94.60 crores compensation to 23 medical students.</li><li data-block-key=\\\\\\"4jg2f\\\\\\">Filed PILs against unauthorised and illegal admissions in junior colleges, engineering colleges, and management institutes.</li></ul>\\", \\"image\\": null}, \\"id\\": \\"d432161f-7ffa-4ab6-a6ec-3493a10d3d00\\"}, {\\"type\\": \\"achievement\\", \\"value\\": {\\"title\\": \\"Crackdown on Capitation Fees & Illegal Fee Collection\\", \\"description\\": \\"<ul><li data-block-key=\\\\\\"u1riy\\\\\\">Filed a Writ Petition against a junior college for collecting capitation fees, resulting in a refund of approximately \\\\u20b98 crores with interest.</li><li data-block-key=\\\\\\"7ufun\\\\\\"> Intervened in multiple cases leading to refunds of nearly \\\\u20b920 crores by various schools. </li><li data-block-key=\\\\\\"1q85\\\\\\">Filed FIRs against schools collecting capitation fees, leading to the arrest of management members and trustees.</li><li data-block-key=\\\\\\"alhp6\\\\\\"> PILs filed against international schools charging exorbitant fees under the guise of international education (matter pending).</li></ul>\\", \\"image\\": null}, \\"id\\": \\"a7f750ab-8209-402c-bb6c-e5ea0526f9d8\\"}, {\\"type\\": \\"achievement\\", \\"value\\": {\\"title\\": \\"Fee Regulation & Policy Reforms\\", \\"description\\": \\"<ul><li data-block-key=\\\\\\"pucf4\\\\\\">Conducted an 8-day hunger strike at Azad Maidan, which directly led to the formulation of the Maharashtra Fee Regulation Act, 2011. </li><li data-block-key=\\\\\\"6aa2t\\\\\\">Filed PILs against 31 schools for charging excessive fees.</li><li data-block-key=\\\\\\"bmh6f\\\\\\"> Served as a Bansal Committee Member, appointed by the Government, to fix norms for private school fee determination.</li></ul>\\", \\"image\\": null}, \\"id\\": \\"209731d0-eb05-4049-8de1-0402768238fa\\"}, {\\"type\\": \\"achievement\\", \\"value\\": {\\"title\\": \\"Landmark PILs in Education Governance\\", \\"description\\": \\"<ul><li data-block-key=\\\\\\"rpk44\\\\\\">PIL filed against appointment of the Vice Chancellor of Mumbai University, resulting in cancellation of the appointment.</li><li data-block-key=\\\\\\"fgtjg\\\\\\"> PIL exposed the Sarva Shiksha Abhiyan scam of \\\\u20b975 crores, leading to court-ordered inquiry and cases against those involved. </li><li data-block-key=\\\\\\"c64uv\\\\\\">Filed PILs to abolish management quota within government quota. </li><li data-block-key=\\\\\\"7n2j\\\\\\">PILs filed to regulate coaching classes in Maharashtra (government directed to regulate; pending implementation).</li></ul>\\", \\"image\\": null}, \\"id\\": \\"7a47ff01-bd7a-45cb-a600-294ce5ff61bb\\"}, {\\"type\\": \\"achievement\\", \\"value\\": {\\"title\\": \\"Safeguarding Children\\\\u2019s Rights & Welfare\\", \\"description\\": \\"<ul><li data-block-key=\\\\\\"5lfph\\\\\\">Cases filed before the <b>Child Rights Commission</b> resulted in favourable orders against harassment and unlawful expulsion of students.<br/> </li><li data-block-key=\\\\\\"c7tli\\\\\\">Filed PIL against <b>conducting interviews for pre-primary admissions</b> (pending).<br/> </li><li data-block-key=\\\\\\"6ir7m\\\\\\">Filed PIL for <b>mandatory minimum 75% attendance</b>, which was allowed by the court.<br/> </li><li data-block-key=\\\\\\"12omg\\\\\\">Filed PIL limiting <b>overcrowding in classrooms</b>, reducing class size from 170+ students to a maximum of 80.</li></ul>\\", \\"image\\": null}, \\"id\\": \\"d31bdf1a-3ca2-4b89-aa40-1317e6138f39\\"}, {\\"type\\": \\"achievement\\", \\"value\\": {\\"title\\": \\"Institutional Accountability & Malpractice Exposure\\", \\"description\\": \\"<ul><li data-block-key=\\\\\\"5lfph\\\\\\">Filed PILs against <b>unauthorised schools (140 institutions)</b> operating illegally.<br/> </li><li data-block-key=\\\\\\"e5mas\\\\\\">Filed nationwide PILs against <b>Institute of Mechanical Engineers (IME)</b> for issuing bogus degree certificates to thousands of students.<br/> Result: IME was <b>prohibited by the HRD Ministry</b>.<br/> </li><li data-block-key=\\\\\\"dsv9g\\\\\\">PILs against medical and engineering colleges for <b>misuse of NRI quota and corruption</b>.<br/> </li><li data-block-key=\\\\\\"51uds\\\\\\">PIL against catering colleges for malpractices (disposed of).</li></ul>\\", \\"image\\": null}, \\"id\\": \\"6690dd46-e015-448e-b853-520ddcccf4b1\\"}, {\\"type\\": \\"achievement\\", \\"value\\": {\\"title\\": \\"Scholarships & Financial Relief for Students\\", \\"description\\": \\"<ul><li data-block-key=\\\\\\"5lfph\\\\\\">Secured <b>scholarships for 119 students (KG to Class 10)</b> from a reputed Santacruz school.<br/> </li><li data-block-key=\\\\\\"9h3ri\\\\\\">Secured <b>scholarships for 35 students</b> from a reputed Bandra school.<br/> </li><li data-block-key=\\\\\\"3c7mk\\\\\\">Filed WP for <b>non-refund of admission fees</b>, resulting in refund with <b>9% interest</b>.<br/> </li></ul>\\", \\"image\\": null}, \\"id\\": \\"853ee1c0-4bf4-4677-b50b-2df0189c5c10\\"}, {\\"type\\": \\"achievement\\", \\"value\\": {\\"title\\": \\"Teachers\\\\u2019 Rights & Educational Standards\\", \\"description\\": \\"<ul><li data-block-key=\\\\\\"5lfph\\\\\\">Led a <b>hunger strike for implementation of the 6th Pay Commission</b>, resulting in teachers receiving pending salaries.<br/> </li><li data-block-key=\\\\\\"bm21r\\\\\\">PIL filed against <b>unqualified teacher appointments by the Government</b>.<br/> </li><li data-block-key=\\\\\\"abm7\\\\\\">PIL against <b>teachers taking private tuitions</b>, leading to <b>expulsion of over 500 teachers</b>.<br/> </li><li data-block-key=\\\\\\"90cbv\\\\\\">PIL to improve <b>infrastructure and facilities in government schools</b>.</li></ul>\\", \\"image\\": null}, \\"id\\": \\"832fe508-7486-4cf4-aaa7-a846aced4640\\"}, {\\"type\\": \\"achievement\\", \\"value\\": {\\"title\\": \\"Transport, Safety & Infrastructure\\", \\"description\\": \\"<ul><li data-block-key=\\\\\\"5lfph\\\\\\">Filed PIL in the <b>school bus strike matter</b>, resulting in a <b>statewide prohibition of bus strikes</b> in Maharashtra.<br/> </li><li data-block-key=\\\\\\"341bc\\\\\\">Filed PIL against <b>forced purchase of school essentials</b> such as uniforms, books, and stationery \\\\u2014 <b>won the case</b>.<br/> </li><li data-block-key=\\\\\\"8g9m3\\\\\\">Filed PIL against <b>shifting and closure of schools</b>, successfully preventing unjustified relocations.</li></ul>\\", \\"image\\": null}, \\"id\\": \\"773a7aa8-8195-4cb4-be5e-6ecd53af82f4\\"}, {\\"type\\": \\"achievement\\", \\"value\\": {\\"title\\": \\"Admissions Transparency & Reforms\\", \\"description\\": \\"<ul><li data-block-key=\\\\\\"5lfph\\\\\\">Intervention petition filed regarding <b>Best Five subjects and percentile system for Class 11 admissions</b>.<br/> </li><li data-block-key=\\\\\\"aprk5\\\\\\">WP in engineering admissions advocating for <b>single CET system</b>.<br/> </li><li data-block-key=\\\\\\"4aliv\\\\\\">PILs for <b>centralised and online admissions</b> across colleges.<br/> </li><li data-block-key=\\\\\\"2tav0\\\\\\">PIL against colleges admitting <b>30 extra students illegally</b>.</li></ul>\\", \\"image\\": null}, \\"id\\": \\"c6e8f6ee-e0d2-4d0d-9914-7a6fad04a99a\\"}, {\\"type\\": \\"achievement\\", \\"value\\": {\\"title\\": \\"RTI Advocacy & Awareness\\", \\"description\\": \\"<ul><li data-block-key=\\\\\\"5lfph\\\\\\">Filed numerous <b>RTI applications</b> to expose corruption.<br/> </li><li data-block-key=\\\\\\"5o91u\\\\\\">Conducted <b>RTI seminars</b> to educate parents and stakeholders on their rights.<br/> </li><li data-block-key=\\\\\\"4og4k\\\\\\">PIL filed against <b>quashing of Maharashtra RTI Act (PIL 550/2001)</b>.</li></ul>\\", \\"image\\": null}, \\"id\\": \\"1778cb68-efe4-4c3b-a291-c1ef659e6934\\"}, {\\"type\\": \\"achievement\\", \\"value\\": {\\"title\\": \\"Public Movements & Grassroots Action\\", \\"description\\": \\"<ul><li data-block-key=\\\\\\"5lfph\\\\\\">Organised <b>hunger strikes, protests, rasta roko movements</b>, and formal representations to authorities.<br/> </li><li data-block-key=\\\\\\"f89rj\\\\\\">Successfully resolved <b>many disputes amicably</b> through dialogue with school managements.<br/> </li><li data-block-key=\\\\\\"5ofak\\\\\\">Supported <b>genuine schools</b> in litigation where parents\\\\u2019 claims were unfounded, securing favourable High Court orders.</li></ul>\\", \\"image\\": null}, \\"id\\": \\"dec3f31c-f251-472a-b041-9e899eebf954\\"}, {\\"type\\": \\"achievement\\", \\"value\\": {\\"title\\": \\"Ongoing & Continuing Efforts\\", \\"description\\": \\"<ul><li data-block-key=\\\\\\"5lfph\\\\\\">PILs in Supreme Court to expedite High Court hearings.<br/> </li><li data-block-key=\\\\\\"1s6ah\\\\\\">PIL to stop astrology as an academic subject (dismissed).<br/> </li><li data-block-key=\\\\\\"j1cs\\\\\\">PIL for pre-primary regulation (disposed of).<br/> </li><li data-block-key=\\\\\\"4q04q\\\\\\">PIL against international schools\\\\u2019 fee practices (pending).<br/> </li></ul>\\", \\"image\\": null}, \\"id\\": \\"c437fe36-5421-4c39-81a9-7f30a189d1ec\\"}, {\\"type\\": \\"achievement\\", \\"value\\": {\\"title\\": \\"Legacy\\", \\"description\\": \\"<p data-block-key=\\\\\\"5lfph\\\\\\"><b>Forum for Fairness in Education (FFE)</b> has consistently fought for transparency, fairness, accountability, and justice in the education system through <b>hundreds of legal interventions, policy reforms, and public movements</b> \\\\u2014 many of which have shaped Maharashtra\\\\u2019s education landscape.</p>\\", \\"image\\": null}, \\"id\\": \\"fb6d992f-f28d-47ef-bcbe-5225a2c586cb\\"}]", "content_type": 45, "live_revision": 27, "show_in_menus": false, "latest_revision": 27, "translation_key": "2c730553-906c-4cb0-8f38-ee8e619cfe6c", "last_published_at": "2026-01-15T10:29:45.866Z", "first_published_at": "2026-01-15T07:51:59.299Z", "search_description": "", "wagtail_admin_comments": [], "has_unpublished_changes": false, "latest_revision_created_at": "2026-01-15T10:29:45.839Z"}	\N	4	1	44	1	Achievements
29	2026-01-15 16:04:50.391+05:30	{"pk": 4, "live": true, "path": "000100010002", "slug": "achievements", "depth": 3, "intro": "", "owner": 1, "title": "Achievements", "locale": 1, "locked": false, "expired": false, "alias_of": null, "numchild": 0, "url_path": "/home/achievements/", "expire_at": null, "locked_at": null, "locked_by": null, "seo_title": "", "go_live_at": null, "draft_title": "Achievements", "achievements": "[{\\"type\\": \\"achievement\\", \\"value\\": {\\"title\\": \\"Major Legal & Public Interest Achievements of Forum for Fairness in Education (FFE)\\", \\"description\\": \\"<h3 data-block-key=\\\\\\"vf398\\\\\\">Protection of Students\\\\u2019 Right to Admission</h3><ul><li data-block-key=\\\\\\"d455e\\\\\\">Successfully filed a Writ Petition against denial of admission to a sibling child, securing admission through court intervention.</li><li data-block-key=\\\\\\"7k1el\\\\\\">Filed a Writ Petition against denial of admission to meritorious students, resulting in \\\\u20b94.60 crores compensation to 23 medical students.</li><li data-block-key=\\\\\\"4jg2f\\\\\\">Filed PILs against unauthorised and illegal admissions in junior colleges, engineering colleges, and management institutes.</li></ul>\\", \\"image\\": null}, \\"id\\": \\"d432161f-7ffa-4ab6-a6ec-3493a10d3d00\\"}, {\\"type\\": \\"achievement\\", \\"value\\": {\\"title\\": \\"Crackdown on Capitation Fees & Illegal Fee Collection\\", \\"description\\": \\"<ul><li data-block-key=\\\\\\"u1riy\\\\\\">Filed a Writ Petition against a junior college for collecting capitation fees, resulting in a refund of approximately \\\\u20b98 crores with interest.</li><li data-block-key=\\\\\\"7ufun\\\\\\">Intervened in multiple cases leading to refunds of nearly \\\\u20b920 crores by various schools.</li><li data-block-key=\\\\\\"1q85\\\\\\">Filed FIRs against schools collecting capitation fees, leading to the arrest of management members and trustees.</li><li data-block-key=\\\\\\"alhp6\\\\\\">PILs filed against international schools charging exorbitant fees under the guise of international education (matter pending).</li></ul>\\", \\"image\\": null}, \\"id\\": \\"a7f750ab-8209-402c-bb6c-e5ea0526f9d8\\"}, {\\"type\\": \\"achievement\\", \\"value\\": {\\"title\\": \\"Fee Regulation & Policy Reforms\\", \\"description\\": \\"<ul><li data-block-key=\\\\\\"pucf4\\\\\\">Conducted an 8-day hunger strike at Azad Maidan, which directly led to the formulation of the Maharashtra Fee Regulation Act, 2011.</li><li data-block-key=\\\\\\"6aa2t\\\\\\">Filed PILs against 31 schools for charging excessive fees.</li><li data-block-key=\\\\\\"bmh6f\\\\\\">Served as a Bansal Committee Member, appointed by the Government, to fix norms for private school fee determination.</li></ul>\\", \\"image\\": null}, \\"id\\": \\"209731d0-eb05-4049-8de1-0402768238fa\\"}, {\\"type\\": \\"achievement\\", \\"value\\": {\\"title\\": \\"Landmark PILs in Education Governance\\", \\"description\\": \\"<ul><li data-block-key=\\\\\\"rpk44\\\\\\">PIL filed against appointment of the Vice Chancellor of Mumbai University, resulting in cancellation of the appointment.</li><li data-block-key=\\\\\\"fgtjg\\\\\\">PIL exposed the Sarva Shiksha Abhiyan scam of \\\\u20b975 crores, leading to court-ordered inquiry and cases against those involved.</li><li data-block-key=\\\\\\"c64uv\\\\\\">Filed PILs to abolish management quota within government quota.</li><li data-block-key=\\\\\\"7n2j\\\\\\">PILs filed to regulate coaching classes in Maharashtra (government directed to regulate; pending implementation).</li></ul>\\", \\"image\\": null}, \\"id\\": \\"7a47ff01-bd7a-45cb-a600-294ce5ff61bb\\"}, {\\"type\\": \\"achievement\\", \\"value\\": {\\"title\\": \\"Safeguarding Children\\\\u2019s Rights & Welfare\\", \\"description\\": \\"<ul><li data-block-key=\\\\\\"5lfph\\\\\\">Cases filed before the <b>Child Rights Commission</b> resulted in favourable orders against harassment and unlawful expulsion of students.<br/></li><li data-block-key=\\\\\\"c7tli\\\\\\">Filed PIL against <b>conducting interviews for pre-primary admissions</b> (pending).<br/></li><li data-block-key=\\\\\\"6ir7m\\\\\\">Filed PIL for <b>mandatory minimum 75% attendance</b>, which was allowed by the court.<br/></li><li data-block-key=\\\\\\"12omg\\\\\\">Filed PIL limiting <b>overcrowding in classrooms</b>, reducing class size from 170+ students to a maximum of 80.</li></ul>\\", \\"image\\": null}, \\"id\\": \\"d31bdf1a-3ca2-4b89-aa40-1317e6138f39\\"}, {\\"type\\": \\"achievement\\", \\"value\\": {\\"title\\": \\"Institutional Accountability & Malpractice Exposure\\", \\"description\\": \\"<ul><li data-block-key=\\\\\\"5lfph\\\\\\">Filed PILs against <b>unauthorised schools (140 institutions)</b> operating illegally.<br/></li><li data-block-key=\\\\\\"e5mas\\\\\\">Filed nationwide PILs against <b>Institute of Mechanical Engineers (IME)</b> for issuing bogus degree certificates to thousands of students.<br/> Result: IME was <b>prohibited by the HRD Ministry</b>.<br/></li><li data-block-key=\\\\\\"dsv9g\\\\\\">PILs against medical and engineering colleges for <b>misuse of NRI quota and corruption</b>.<br/></li><li data-block-key=\\\\\\"51uds\\\\\\">PIL against catering colleges for malpractices (disposed of).</li></ul>\\", \\"image\\": null}, \\"id\\": \\"6690dd46-e015-448e-b853-520ddcccf4b1\\"}, {\\"type\\": \\"achievement\\", \\"value\\": {\\"title\\": \\"Scholarships & Financial Relief for Students\\", \\"description\\": \\"<ul><li data-block-key=\\\\\\"5lfph\\\\\\">Secured <b>scholarships for 119 students (KG to Class 10)</b> from a reputed Santacruz school.<br/></li><li data-block-key=\\\\\\"9h3ri\\\\\\">Secured <b>scholarships for 35 students</b> from a reputed Bandra school.<br/></li><li data-block-key=\\\\\\"3c7mk\\\\\\">Filed WP for <b>non-refund of admission fees</b>, resulting in refund with <b>9% interest</b>.<br/></li></ul>\\", \\"image\\": null}, \\"id\\": \\"853ee1c0-4bf4-4677-b50b-2df0189c5c10\\"}, {\\"type\\": \\"achievement\\", \\"value\\": {\\"title\\": \\"Teachers\\\\u2019 Rights & Educational Standards\\", \\"description\\": \\"<ul><li data-block-key=\\\\\\"5lfph\\\\\\">Led a <b>hunger strike for implementation of the 6th Pay Commission</b>, resulting in teachers receiving pending salaries.<br/></li><li data-block-key=\\\\\\"bm21r\\\\\\">PIL filed against <b>unqualified teacher appointments by the Government</b>.<br/></li><li data-block-key=\\\\\\"abm7\\\\\\">PIL against <b>teachers taking private tuitions</b>, leading to <b>expulsion of over 500 teachers</b>.<br/></li><li data-block-key=\\\\\\"90cbv\\\\\\">PIL to improve <b>infrastructure and facilities in government schools</b>.</li></ul>\\", \\"image\\": null}, \\"id\\": \\"832fe508-7486-4cf4-aaa7-a846aced4640\\"}, {\\"type\\": \\"achievement\\", \\"value\\": {\\"title\\": \\"Transport, Safety & Infrastructure\\", \\"description\\": \\"<ul><li data-block-key=\\\\\\"5lfph\\\\\\">Filed PIL in the <b>school bus strike matter</b>, resulting in a <b>statewide prohibition of bus strikes</b> in Maharashtra.<br/></li><li data-block-key=\\\\\\"341bc\\\\\\">Filed PIL against <b>forced purchase of school essentials</b> such as uniforms, books, and stationery \\\\u2014 <b>won the case</b>.<br/></li><li data-block-key=\\\\\\"8g9m3\\\\\\">Filed PIL against <b>shifting and closure of schools</b>, successfully preventing unjustified relocations.</li></ul>\\", \\"image\\": null}, \\"id\\": \\"773a7aa8-8195-4cb4-be5e-6ecd53af82f4\\"}, {\\"type\\": \\"achievement\\", \\"value\\": {\\"title\\": \\"Admissions Transparency & Reforms\\", \\"description\\": \\"<ul><li data-block-key=\\\\\\"5lfph\\\\\\">Intervention petition filed regarding <b>Best Five subjects and percentile system for Class 11 admissions</b>.<br/></li><li data-block-key=\\\\\\"aprk5\\\\\\">WP in engineering admissions advocating for <b>single CET system</b>.<br/></li><li data-block-key=\\\\\\"4aliv\\\\\\">PILs for <b>centralised and online admissions</b> across colleges.<br/></li><li data-block-key=\\\\\\"2tav0\\\\\\">PIL against colleges admitting <b>30 extra students illegally</b>.</li></ul>\\", \\"image\\": null}, \\"id\\": \\"c6e8f6ee-e0d2-4d0d-9914-7a6fad04a99a\\"}, {\\"type\\": \\"achievement\\", \\"value\\": {\\"title\\": \\"RTI Advocacy & Awareness\\", \\"description\\": \\"<ul><li data-block-key=\\\\\\"5lfph\\\\\\">Filed numerous <b>RTI applications</b> to expose corruption.<br/></li><li data-block-key=\\\\\\"5o91u\\\\\\">Conducted <b>RTI seminars</b> to educate parents and stakeholders on their rights.<br/></li><li data-block-key=\\\\\\"4og4k\\\\\\">PIL filed against <b>quashing of Maharashtra RTI Act (PIL 550/2001)</b>.</li></ul>\\", \\"image\\": null}, \\"id\\": \\"1778cb68-efe4-4c3b-a291-c1ef659e6934\\"}, {\\"type\\": \\"achievement\\", \\"value\\": {\\"title\\": \\"Public Movements & Grassroots Action\\", \\"description\\": \\"<ul><li data-block-key=\\\\\\"5lfph\\\\\\">Organised <b>hunger strikes, protests, rasta roko movements</b>, and formal representations to authorities.<br/></li><li data-block-key=\\\\\\"f89rj\\\\\\">Successfully resolved <b>many disputes amicably</b> through dialogue with school managements.<br/></li><li data-block-key=\\\\\\"5ofak\\\\\\">Supported <b>genuine schools</b> in litigation where parents\\\\u2019 claims were unfounded, securing favourable High Court orders.</li></ul>\\", \\"image\\": null}, \\"id\\": \\"dec3f31c-f251-472a-b041-9e899eebf954\\"}, {\\"type\\": \\"achievement\\", \\"value\\": {\\"title\\": \\"Ongoing & Continuing Efforts\\", \\"description\\": \\"<ul><li data-block-key=\\\\\\"5lfph\\\\\\">PILs in Supreme Court to expedite High Court hearings.<br/></li><li data-block-key=\\\\\\"1s6ah\\\\\\">PIL to stop astrology as an academic subject (dismissed).<br/></li><li data-block-key=\\\\\\"j1cs\\\\\\">PIL for pre-primary regulation (disposed of).<br/></li><li data-block-key=\\\\\\"4q04q\\\\\\">PIL against international schools\\\\u2019 fee practices (pending).<br/></li></ul>\\", \\"image\\": null}, \\"id\\": \\"c437fe36-5421-4c39-81a9-7f30a189d1ec\\"}, {\\"type\\": \\"achievement\\", \\"value\\": {\\"title\\": \\"Legacy\\", \\"description\\": \\"<p data-block-key=\\\\\\"5lfph\\\\\\"><b>Forum for Fairness in Education (FFE)</b> has consistently fought for transparency, fairness, accountability, and justice in the education system through <b>hundreds of legal interventions, policy reforms, and public movements</b> \\\\u2014 many of which have shaped Maharashtra\\\\u2019s education landscape.</p>\\", \\"image\\": null}, \\"id\\": \\"fb6d992f-f28d-47ef-bcbe-5225a2c586cb\\"}]", "content_type": 45, "live_revision": 27, "show_in_menus": false, "latest_revision": 28, "translation_key": "2c730553-906c-4cb0-8f38-ee8e619cfe6c", "last_published_at": "2026-01-15T10:29:45.866Z", "first_published_at": "2026-01-15T07:51:59.299Z", "search_description": "", "wagtail_admin_comments": [], "has_unpublished_changes": true, "latest_revision_created_at": "2026-01-15T10:34:47.503Z"}	\N	4	1	44	1	Achievements
\.


--
-- Data for Name: wagtailcore_site; Type: TABLE DATA; Schema: public; Owner: postgres
--

COPY public.wagtailcore_site (id, hostname, port, is_default_site, root_page_id, site_name) FROM stdin;
1	localhost	80	t	2	
2	localhost	8000	t	2	
\.


--
-- Data for Name: wagtailcore_task; Type: TABLE DATA; Schema: public; Owner: postgres
--

COPY public.wagtailcore_task (id, name, active, content_type_id) FROM stdin;
1	Moderators approval	t	2
\.


--
-- Data for Name: wagtailcore_taskstate; Type: TABLE DATA; Schema: public; Owner: postgres
--

COPY public.wagtailcore_taskstate (id, status, started_at, finished_at, content_type_id, revision_id, task_id, workflow_state_id, finished_by_id, comment) FROM stdin;
\.


--
-- Data for Name: wagtailcore_uploadedfile; Type: TABLE DATA; Schema: public; Owner: postgres
--

COPY public.wagtailcore_uploadedfile (id, file, for_content_type_id, uploaded_by_user_id) FROM stdin;
\.


--
-- Data for Name: wagtailcore_workflow; Type: TABLE DATA; Schema: public; Owner: postgres
--

COPY public.wagtailcore_workflow (id, name, active) FROM stdin;
1	Moderators approval	t
\.


--
-- Data for Name: wagtailcore_workflowcontenttype; Type: TABLE DATA; Schema: public; Owner: postgres
--

COPY public.wagtailcore_workflowcontenttype (content_type_id, workflow_id) FROM stdin;
\.


--
-- Data for Name: wagtailcore_workflowpage; Type: TABLE DATA; Schema: public; Owner: postgres
--

COPY public.wagtailcore_workflowpage (page_id, workflow_id) FROM stdin;
1	1
\.


--
-- Data for Name: wagtailcore_workflowstate; Type: TABLE DATA; Schema: public; Owner: postgres
--

COPY public.wagtailcore_workflowstate (id, status, created_at, current_task_state_id, object_id, requested_by_id, workflow_id, content_type_id, base_content_type_id) FROM stdin;
\.


--
-- Data for Name: wagtailcore_workflowtask; Type: TABLE DATA; Schema: public; Owner: postgres
--

COPY public.wagtailcore_workflowtask (id, sort_order, task_id, workflow_id) FROM stdin;
1	0	1	1
\.


--
-- Data for Name: wagtaildocs_document; Type: TABLE DATA; Schema: public; Owner: postgres
--

COPY public.wagtaildocs_document (id, title, file, created_at, uploaded_by_user_id, collection_id, file_size, file_hash) FROM stdin;
\.


--
-- Data for Name: wagtailembeds_embed; Type: TABLE DATA; Schema: public; Owner: postgres
--

COPY public.wagtailembeds_embed (id, url, max_width, type, html, title, author_name, provider_name, thumbnail_url, width, height, last_updated, hash, cache_until) FROM stdin;
\.


--
-- Data for Name: wagtailforms_formsubmission; Type: TABLE DATA; Schema: public; Owner: postgres
--

COPY public.wagtailforms_formsubmission (id, form_data, submit_time, page_id) FROM stdin;
\.


--
-- Data for Name: wagtailimages_image; Type: TABLE DATA; Schema: public; Owner: postgres
--

COPY public.wagtailimages_image (id, title, file, width, height, created_at, focal_point_x, focal_point_y, focal_point_width, focal_point_height, uploaded_by_user_id, file_size, collection_id, file_hash, description) FROM stdin;
\.


--
-- Data for Name: wagtailimages_rendition; Type: TABLE DATA; Schema: public; Owner: postgres
--

COPY public.wagtailimages_rendition (id, file, width, height, focal_point_key, filter_spec, image_id) FROM stdin;
\.


--
-- Data for Name: wagtailredirects_redirect; Type: TABLE DATA; Schema: public; Owner: postgres
--

COPY public.wagtailredirects_redirect (id, old_path, is_permanent, redirect_link, redirect_page_id, site_id, automatically_created, created_at, redirect_page_route_path) FROM stdin;
\.


--
-- Data for Name: wagtailsearch_indexentry; Type: TABLE DATA; Schema: public; Owner: postgres
--

COPY public.wagtailsearch_indexentry (id, object_id, title_norm, content_type_id, autocomplete, title, body) FROM stdin;
6	4	1	44	'achievements':1	'achiev':1B	
1	1	1	1	'root':1	'root':1B	
2	2	1	1	'home':1	'home':1B	
5	3	1	43	'faq':1	'faq':1B	
\.


--
-- Data for Name: wagtailusers_userprofile; Type: TABLE DATA; Schema: public; Owner: postgres
--

COPY public.wagtailusers_userprofile (id, submitted_notifications, approved_notifications, rejected_notifications, user_id, preferred_language, current_time_zone, avatar, updated_comments_notifications, dismissibles, theme, density, contrast) FROM stdin;
1	t	t	t	1				t	{"help": true, "editor-guide": true, "last_upgrade_check": "7.2.1", "whats-new-in-wagtail-6.4": true}	system	default	system
\.


--
-- Name: auth_group_id_seq; Type: SEQUENCE SET; Schema: public; Owner: postgres
--

SELECT pg_catalog.setval('public.auth_group_id_seq', 2, true);


--
-- Name: auth_group_permissions_id_seq; Type: SEQUENCE SET; Schema: public; Owner: postgres
--

SELECT pg_catalog.setval('public.auth_group_permissions_id_seq', 18, true);


--
-- Name: auth_permission_id_seq; Type: SEQUENCE SET; Schema: public; Owner: postgres
--

SELECT pg_catalog.setval('public.auth_permission_id_seq', 183, true);


--
-- Name: auth_user_groups_id_seq; Type: SEQUENCE SET; Schema: public; Owner: postgres
--

SELECT pg_catalog.setval('public.auth_user_groups_id_seq', 1, false);


--
-- Name: auth_user_id_seq; Type: SEQUENCE SET; Schema: public; Owner: postgres
--

SELECT pg_catalog.setval('public.auth_user_id_seq', 1, true);


--
-- Name: auth_user_user_permissions_id_seq; Type: SEQUENCE SET; Schema: public; Owner: postgres
--

SELECT pg_catalog.setval('public.auth_user_user_permissions_id_seq', 1, false);


--
-- Name: django_admin_log_id_seq; Type: SEQUENCE SET; Schema: public; Owner: postgres
--

SELECT pg_catalog.setval('public.django_admin_log_id_seq', 1, false);


--
-- Name: django_content_type_id_seq; Type: SEQUENCE SET; Schema: public; Owner: postgres
--

SELECT pg_catalog.setval('public.django_content_type_id_seq', 45, true);


--
-- Name: django_migrations_id_seq; Type: SEQUENCE SET; Schema: public; Owner: postgres
--

SELECT pg_catalog.setval('public.django_migrations_id_seq', 218, true);


--
-- Name: taggit_tag_id_seq; Type: SEQUENCE SET; Schema: public; Owner: postgres
--

SELECT pg_catalog.setval('public.taggit_tag_id_seq', 1, false);


--
-- Name: taggit_taggeditem_id_seq; Type: SEQUENCE SET; Schema: public; Owner: postgres
--

SELECT pg_catalog.setval('public.taggit_taggeditem_id_seq', 1, false);


--
-- Name: wagtailadmin_admin_id_seq; Type: SEQUENCE SET; Schema: public; Owner: postgres
--

SELECT pg_catalog.setval('public.wagtailadmin_admin_id_seq', 1, false);


--
-- Name: wagtailadmin_editingsession_id_seq; Type: SEQUENCE SET; Schema: public; Owner: postgres
--

SELECT pg_catalog.setval('public.wagtailadmin_editingsession_id_seq', 13, true);


--
-- Name: wagtailcore_collection_id_seq; Type: SEQUENCE SET; Schema: public; Owner: postgres
--

SELECT pg_catalog.setval('public.wagtailcore_collection_id_seq', 1, true);


--
-- Name: wagtailcore_collectionviewrestriction_groups_id_seq; Type: SEQUENCE SET; Schema: public; Owner: postgres
--

SELECT pg_catalog.setval('public.wagtailcore_collectionviewrestriction_groups_id_seq', 1, false);


--
-- Name: wagtailcore_collectionviewrestriction_id_seq; Type: SEQUENCE SET; Schema: public; Owner: postgres
--

SELECT pg_catalog.setval('public.wagtailcore_collectionviewrestriction_id_seq', 1, false);


--
-- Name: wagtailcore_comment_id_seq; Type: SEQUENCE SET; Schema: public; Owner: postgres
--

SELECT pg_catalog.setval('public.wagtailcore_comment_id_seq', 1, false);


--
-- Name: wagtailcore_commentreply_id_seq; Type: SEQUENCE SET; Schema: public; Owner: postgres
--

SELECT pg_catalog.setval('public.wagtailcore_commentreply_id_seq', 1, false);


--
-- Name: wagtailcore_groupapprovaltask_groups_id_seq; Type: SEQUENCE SET; Schema: public; Owner: postgres
--

SELECT pg_catalog.setval('public.wagtailcore_groupapprovaltask_groups_id_seq', 1, true);


--
-- Name: wagtailcore_groupcollectionpermission_id_seq; Type: SEQUENCE SET; Schema: public; Owner: postgres
--

SELECT pg_catalog.setval('public.wagtailcore_groupcollectionpermission_id_seq', 12, true);


--
-- Name: wagtailcore_grouppagepermission_id_seq; Type: SEQUENCE SET; Schema: public; Owner: postgres
--

SELECT pg_catalog.setval('public.wagtailcore_grouppagepermission_id_seq', 7, true);


--
-- Name: wagtailcore_locale_id_seq; Type: SEQUENCE SET; Schema: public; Owner: postgres
--

SELECT pg_catalog.setval('public.wagtailcore_locale_id_seq', 1, true);


--
-- Name: wagtailcore_modellogentry_id_seq; Type: SEQUENCE SET; Schema: public; Owner: postgres
--

SELECT pg_catalog.setval('public.wagtailcore_modellogentry_id_seq', 1, true);


--
-- Name: wagtailcore_page_id_seq; Type: SEQUENCE SET; Schema: public; Owner: postgres
--

SELECT pg_catalog.setval('public.wagtailcore_page_id_seq', 4, true);


--
-- Name: wagtailcore_pagelogentry_id_seq; Type: SEQUENCE SET; Schema: public; Owner: postgres
--

SELECT pg_catalog.setval('public.wagtailcore_pagelogentry_id_seq', 52, true);


--
-- Name: wagtailcore_pagerevision_id_seq; Type: SEQUENCE SET; Schema: public; Owner: postgres
--

SELECT pg_catalog.setval('public.wagtailcore_pagerevision_id_seq', 35, true);


--
-- Name: wagtailcore_pagesubscription_id_seq; Type: SEQUENCE SET; Schema: public; Owner: postgres
--

SELECT pg_catalog.setval('public.wagtailcore_pagesubscription_id_seq', 3, true);


--
-- Name: wagtailcore_pageviewrestriction_groups_id_seq; Type: SEQUENCE SET; Schema: public; Owner: postgres
--

SELECT pg_catalog.setval('public.wagtailcore_pageviewrestriction_groups_id_seq', 1, false);


--
-- Name: wagtailcore_pageviewrestriction_id_seq; Type: SEQUENCE SET; Schema: public; Owner: postgres
--

SELECT pg_catalog.setval('public.wagtailcore_pageviewrestriction_id_seq', 1, false);


--
-- Name: wagtailcore_referenceindex_id_seq; Type: SEQUENCE SET; Schema: public; Owner: postgres
--

SELECT pg_catalog.setval('public.wagtailcore_referenceindex_id_seq', 1, false);


--
-- Name: wagtailcore_site_id_seq; Type: SEQUENCE SET; Schema: public; Owner: postgres
--

SELECT pg_catalog.setval('public.wagtailcore_site_id_seq', 2, true);


--
-- Name: wagtailcore_task_id_seq; Type: SEQUENCE SET; Schema: public; Owner: postgres
--

SELECT pg_catalog.setval('public.wagtailcore_task_id_seq', 1, true);


--
-- Name: wagtailcore_taskstate_id_seq; Type: SEQUENCE SET; Schema: public; Owner: postgres
--

SELECT pg_catalog.setval('public.wagtailcore_taskstate_id_seq', 1, false);


--
-- Name: wagtailcore_uploadedfile_id_seq; Type: SEQUENCE SET; Schema: public; Owner: postgres
--

SELECT pg_catalog.setval('public.wagtailcore_uploadedfile_id_seq', 1, false);


--
-- Name: wagtailcore_workflow_id_seq; Type: SEQUENCE SET; Schema: public; Owner: postgres
--

SELECT pg_catalog.setval('public.wagtailcore_workflow_id_seq', 1, true);


--
-- Name: wagtailcore_workflowstate_id_seq; Type: SEQUENCE SET; Schema: public; Owner: postgres
--

SELECT pg_catalog.setval('public.wagtailcore_workflowstate_id_seq', 1, false);


--
-- Name: wagtailcore_workflowtask_id_seq; Type: SEQUENCE SET; Schema: public; Owner: postgres
--

SELECT pg_catalog.setval('public.wagtailcore_workflowtask_id_seq', 1, true);


--
-- Name: wagtaildocs_document_id_seq; Type: SEQUENCE SET; Schema: public; Owner: postgres
--

SELECT pg_catalog.setval('public.wagtaildocs_document_id_seq', 1, false);


--
-- Name: wagtailembeds_embed_id_seq; Type: SEQUENCE SET; Schema: public; Owner: postgres
--

SELECT pg_catalog.setval('public.wagtailembeds_embed_id_seq', 1, false);


--
-- Name: wagtailforms_formsubmission_id_seq; Type: SEQUENCE SET; Schema: public; Owner: postgres
--

SELECT pg_catalog.setval('public.wagtailforms_formsubmission_id_seq', 1, false);


--
-- Name: wagtailimages_image_id_seq; Type: SEQUENCE SET; Schema: public; Owner: postgres
--

SELECT pg_catalog.setval('public.wagtailimages_image_id_seq', 1, false);


--
-- Name: wagtailimages_rendition_id_seq; Type: SEQUENCE SET; Schema: public; Owner: postgres
--

SELECT pg_catalog.setval('public.wagtailimages_rendition_id_seq', 1, false);


--
-- Name: wagtailredirects_redirect_id_seq; Type: SEQUENCE SET; Schema: public; Owner: postgres
--

SELECT pg_catalog.setval('public.wagtailredirects_redirect_id_seq', 1, false);


--
-- Name: wagtailsearch_indexentry_id_seq; Type: SEQUENCE SET; Schema: public; Owner: postgres
--

SELECT pg_catalog.setval('public.wagtailsearch_indexentry_id_seq', 20, true);


--
-- Name: wagtailusers_userprofile_id_seq; Type: SEQUENCE SET; Schema: public; Owner: postgres
--

SELECT pg_catalog.setval('public.wagtailusers_userprofile_id_seq', 1, true);


--
-- Name: auth_group auth_group_name_key; Type: CONSTRAINT; Schema: public; Owner: postgres
--

ALTER TABLE ONLY public.auth_group
    ADD CONSTRAINT auth_group_name_key UNIQUE (name);


--
-- Name: auth_group_permissions auth_group_permissions_group_id_permission_id_0cd325b0_uniq; Type: CONSTRAINT; Schema: public; Owner: postgres
--

ALTER TABLE ONLY public.auth_group_permissions
    ADD CONSTRAINT auth_group_permissions_group_id_permission_id_0cd325b0_uniq UNIQUE (group_id, permission_id);


--
-- Name: auth_group_permissions auth_group_permissions_pkey; Type: CONSTRAINT; Schema: public; Owner: postgres
--

ALTER TABLE ONLY public.auth_group_permissions
    ADD CONSTRAINT auth_group_permissions_pkey PRIMARY KEY (id);


--
-- Name: auth_group auth_group_pkey; Type: CONSTRAINT; Schema: public; Owner: postgres
--

ALTER TABLE ONLY public.auth_group
    ADD CONSTRAINT auth_group_pkey PRIMARY KEY (id);


--
-- Name: auth_permission auth_permission_content_type_id_codename_01ab375a_uniq; Type: CONSTRAINT; Schema: public; Owner: postgres
--

ALTER TABLE ONLY public.auth_permission
    ADD CONSTRAINT auth_permission_content_type_id_codename_01ab375a_uniq UNIQUE (content_type_id, codename);


--
-- Name: auth_permission auth_permission_pkey; Type: CONSTRAINT; Schema: public; Owner: postgres
--

ALTER TABLE ONLY public.auth_permission
    ADD CONSTRAINT auth_permission_pkey PRIMARY KEY (id);


--
-- Name: auth_user_groups auth_user_groups_pkey; Type: CONSTRAINT; Schema: public; Owner: postgres
--

ALTER TABLE ONLY public.auth_user_groups
    ADD CONSTRAINT auth_user_groups_pkey PRIMARY KEY (id);


--
-- Name: auth_user_groups auth_user_groups_user_id_group_id_94350c0c_uniq; Type: CONSTRAINT; Schema: public; Owner: postgres
--

ALTER TABLE ONLY public.auth_user_groups
    ADD CONSTRAINT auth_user_groups_user_id_group_id_94350c0c_uniq UNIQUE (user_id, group_id);


--
-- Name: auth_user auth_user_pkey; Type: CONSTRAINT; Schema: public; Owner: postgres
--

ALTER TABLE ONLY public.auth_user
    ADD CONSTRAINT auth_user_pkey PRIMARY KEY (id);


--
-- Name: auth_user_user_permissions auth_user_user_permissions_pkey; Type: CONSTRAINT; Schema: public; Owner: postgres
--

ALTER TABLE ONLY public.auth_user_user_permissions
    ADD CONSTRAINT auth_user_user_permissions_pkey PRIMARY KEY (id);


--
-- Name: auth_user_user_permissions auth_user_user_permissions_user_id_permission_id_14a6b632_uniq; Type: CONSTRAINT; Schema: public; Owner: postgres
--

ALTER TABLE ONLY public.auth_user_user_permissions
    ADD CONSTRAINT auth_user_user_permissions_user_id_permission_id_14a6b632_uniq UNIQUE (user_id, permission_id);


--
-- Name: auth_user auth_user_username_key; Type: CONSTRAINT; Schema: public; Owner: postgres
--

ALTER TABLE ONLY public.auth_user
    ADD CONSTRAINT auth_user_username_key UNIQUE (username);


--
-- Name: content_achievementpage content_achievementpage_pkey; Type: CONSTRAINT; Schema: public; Owner: postgres
--

ALTER TABLE ONLY public.content_achievementpage
    ADD CONSTRAINT content_achievementpage_pkey PRIMARY KEY (page_ptr_id);


--
-- Name: content_homepage content_homepage_pkey; Type: CONSTRAINT; Schema: public; Owner: postgres
--

ALTER TABLE ONLY public.content_homepage
    ADD CONSTRAINT content_homepage_pkey PRIMARY KEY (page_ptr_id);


--
-- Name: content_simplepage content_simplepage_pkey; Type: CONSTRAINT; Schema: public; Owner: postgres
--

ALTER TABLE ONLY public.content_simplepage
    ADD CONSTRAINT content_simplepage_pkey PRIMARY KEY (page_ptr_id);


--
-- Name: django_admin_log django_admin_log_pkey; Type: CONSTRAINT; Schema: public; Owner: postgres
--

ALTER TABLE ONLY public.django_admin_log
    ADD CONSTRAINT django_admin_log_pkey PRIMARY KEY (id);


--
-- Name: django_content_type django_content_type_app_label_model_76bd3d3b_uniq; Type: CONSTRAINT; Schema: public; Owner: postgres
--

ALTER TABLE ONLY public.django_content_type
    ADD CONSTRAINT django_content_type_app_label_model_76bd3d3b_uniq UNIQUE (app_label, model);


--
-- Name: django_content_type django_content_type_pkey; Type: CONSTRAINT; Schema: public; Owner: postgres
--

ALTER TABLE ONLY public.django_content_type
    ADD CONSTRAINT django_content_type_pkey PRIMARY KEY (id);


--
-- Name: django_migrations django_migrations_pkey; Type: CONSTRAINT; Schema: public; Owner: postgres
--

ALTER TABLE ONLY public.django_migrations
    ADD CONSTRAINT django_migrations_pkey PRIMARY KEY (id);


--
-- Name: django_session django_session_pkey; Type: CONSTRAINT; Schema: public; Owner: postgres
--

ALTER TABLE ONLY public.django_session
    ADD CONSTRAINT django_session_pkey PRIMARY KEY (session_key);


--
-- Name: taggit_tag taggit_tag_name_key; Type: CONSTRAINT; Schema: public; Owner: postgres
--

ALTER TABLE ONLY public.taggit_tag
    ADD CONSTRAINT taggit_tag_name_key UNIQUE (name);


--
-- Name: taggit_tag taggit_tag_pkey; Type: CONSTRAINT; Schema: public; Owner: postgres
--

ALTER TABLE ONLY public.taggit_tag
    ADD CONSTRAINT taggit_tag_pkey PRIMARY KEY (id);


--
-- Name: taggit_tag taggit_tag_slug_key; Type: CONSTRAINT; Schema: public; Owner: postgres
--

ALTER TABLE ONLY public.taggit_tag
    ADD CONSTRAINT taggit_tag_slug_key UNIQUE (slug);


--
-- Name: taggit_taggeditem taggit_taggeditem_content_type_id_object_id_tag_id_4bb97a8e_uni; Type: CONSTRAINT; Schema: public; Owner: postgres
--

ALTER TABLE ONLY public.taggit_taggeditem
    ADD CONSTRAINT taggit_taggeditem_content_type_id_object_id_tag_id_4bb97a8e_uni UNIQUE (content_type_id, object_id, tag_id);


--
-- Name: taggit_taggeditem taggit_taggeditem_pkey; Type: CONSTRAINT; Schema: public; Owner: postgres
--

ALTER TABLE ONLY public.taggit_taggeditem
    ADD CONSTRAINT taggit_taggeditem_pkey PRIMARY KEY (id);


--
-- Name: wagtailcore_grouppagepermission unique_permission; Type: CONSTRAINT; Schema: public; Owner: postgres
--

ALTER TABLE ONLY public.wagtailcore_grouppagepermission
    ADD CONSTRAINT unique_permission UNIQUE (group_id, page_id, permission_id);


--
-- Name: wagtailadmin_admin wagtailadmin_admin_pkey; Type: CONSTRAINT; Schema: public; Owner: postgres
--

ALTER TABLE ONLY public.wagtailadmin_admin
    ADD CONSTRAINT wagtailadmin_admin_pkey PRIMARY KEY (id);


--
-- Name: wagtailadmin_editingsession wagtailadmin_editingsession_pkey; Type: CONSTRAINT; Schema: public; Owner: postgres
--

ALTER TABLE ONLY public.wagtailadmin_editingsession
    ADD CONSTRAINT wagtailadmin_editingsession_pkey PRIMARY KEY (id);


--
-- Name: wagtailcore_collection wagtailcore_collection_path_key; Type: CONSTRAINT; Schema: public; Owner: postgres
--

ALTER TABLE ONLY public.wagtailcore_collection
    ADD CONSTRAINT wagtailcore_collection_path_key UNIQUE (path);


--
-- Name: wagtailcore_collection wagtailcore_collection_pkey; Type: CONSTRAINT; Schema: public; Owner: postgres
--

ALTER TABLE ONLY public.wagtailcore_collection
    ADD CONSTRAINT wagtailcore_collection_pkey PRIMARY KEY (id);


--
-- Name: wagtailcore_collectionviewrestriction_groups wagtailcore_collectionvi_collectionviewrestrictio_988995ae_uniq; Type: CONSTRAINT; Schema: public; Owner: postgres
--

ALTER TABLE ONLY public.wagtailcore_collectionviewrestriction_groups
    ADD CONSTRAINT wagtailcore_collectionvi_collectionviewrestrictio_988995ae_uniq UNIQUE (collectionviewrestriction_id, group_id);


--
-- Name: wagtailcore_collectionviewrestriction_groups wagtailcore_collectionviewrestriction_groups_pkey; Type: CONSTRAINT; Schema: public; Owner: postgres
--

ALTER TABLE ONLY public.wagtailcore_collectionviewrestriction_groups
    ADD CONSTRAINT wagtailcore_collectionviewrestriction_groups_pkey PRIMARY KEY (id);


--
-- Name: wagtailcore_collectionviewrestriction wagtailcore_collectionviewrestriction_pkey; Type: CONSTRAINT; Schema: public; Owner: postgres
--

ALTER TABLE ONLY public.wagtailcore_collectionviewrestriction
    ADD CONSTRAINT wagtailcore_collectionviewrestriction_pkey PRIMARY KEY (id);


--
-- Name: wagtailcore_comment wagtailcore_comment_pkey; Type: CONSTRAINT; Schema: public; Owner: postgres
--

ALTER TABLE ONLY public.wagtailcore_comment
    ADD CONSTRAINT wagtailcore_comment_pkey PRIMARY KEY (id);


--
-- Name: wagtailcore_commentreply wagtailcore_commentreply_pkey; Type: CONSTRAINT; Schema: public; Owner: postgres
--

ALTER TABLE ONLY public.wagtailcore_commentreply
    ADD CONSTRAINT wagtailcore_commentreply_pkey PRIMARY KEY (id);


--
-- Name: wagtailcore_groupapprovaltask_groups wagtailcore_groupapprova_groupapprovaltask_id_gro_bb5ee7eb_uniq; Type: CONSTRAINT; Schema: public; Owner: postgres
--

ALTER TABLE ONLY public.wagtailcore_groupapprovaltask_groups
    ADD CONSTRAINT wagtailcore_groupapprova_groupapprovaltask_id_gro_bb5ee7eb_uniq UNIQUE (groupapprovaltask_id, group_id);


--
-- Name: wagtailcore_groupapprovaltask_groups wagtailcore_groupapprovaltask_groups_pkey; Type: CONSTRAINT; Schema: public; Owner: postgres
--

ALTER TABLE ONLY public.wagtailcore_groupapprovaltask_groups
    ADD CONSTRAINT wagtailcore_groupapprovaltask_groups_pkey PRIMARY KEY (id);


--
-- Name: wagtailcore_groupapprovaltask wagtailcore_groupapprovaltask_pkey; Type: CONSTRAINT; Schema: public; Owner: postgres
--

ALTER TABLE ONLY public.wagtailcore_groupapprovaltask
    ADD CONSTRAINT wagtailcore_groupapprovaltask_pkey PRIMARY KEY (task_ptr_id);


--
-- Name: wagtailcore_groupcollectionpermission wagtailcore_groupcollect_group_id_collection_id_p_a21cefe9_uniq; Type: CONSTRAINT; Schema: public; Owner: postgres
--

ALTER TABLE ONLY public.wagtailcore_groupcollectionpermission
    ADD CONSTRAINT wagtailcore_groupcollect_group_id_collection_id_p_a21cefe9_uniq UNIQUE (group_id, collection_id, permission_id);


--
-- Name: wagtailcore_groupcollectionpermission wagtailcore_groupcollectionpermission_pkey; Type: CONSTRAINT; Schema: public; Owner: postgres
--

ALTER TABLE ONLY public.wagtailcore_groupcollectionpermission
    ADD CONSTRAINT wagtailcore_groupcollectionpermission_pkey PRIMARY KEY (id);


--
-- Name: wagtailcore_grouppagepermission wagtailcore_grouppagepermission_pkey; Type: CONSTRAINT; Schema: public; Owner: postgres
--

ALTER TABLE ONLY public.wagtailcore_grouppagepermission
    ADD CONSTRAINT wagtailcore_grouppagepermission_pkey PRIMARY KEY (id);


--
-- Name: wagtailcore_locale wagtailcore_locale_language_code_key; Type: CONSTRAINT; Schema: public; Owner: postgres
--

ALTER TABLE ONLY public.wagtailcore_locale
    ADD CONSTRAINT wagtailcore_locale_language_code_key UNIQUE (language_code);


--
-- Name: wagtailcore_locale wagtailcore_locale_pkey; Type: CONSTRAINT; Schema: public; Owner: postgres
--

ALTER TABLE ONLY public.wagtailcore_locale
    ADD CONSTRAINT wagtailcore_locale_pkey PRIMARY KEY (id);


--
-- Name: wagtailcore_modellogentry wagtailcore_modellogentry_pkey; Type: CONSTRAINT; Schema: public; Owner: postgres
--

ALTER TABLE ONLY public.wagtailcore_modellogentry
    ADD CONSTRAINT wagtailcore_modellogentry_pkey PRIMARY KEY (id);


--
-- Name: wagtailcore_page wagtailcore_page_path_key; Type: CONSTRAINT; Schema: public; Owner: postgres
--

ALTER TABLE ONLY public.wagtailcore_page
    ADD CONSTRAINT wagtailcore_page_path_key UNIQUE (path);


--
-- Name: wagtailcore_page wagtailcore_page_pkey; Type: CONSTRAINT; Schema: public; Owner: postgres
--

ALTER TABLE ONLY public.wagtailcore_page
    ADD CONSTRAINT wagtailcore_page_pkey PRIMARY KEY (id);


--
-- Name: wagtailcore_page wagtailcore_page_translation_key_locale_id_9b041bad_uniq; Type: CONSTRAINT; Schema: public; Owner: postgres
--

ALTER TABLE ONLY public.wagtailcore_page
    ADD CONSTRAINT wagtailcore_page_translation_key_locale_id_9b041bad_uniq UNIQUE (translation_key, locale_id);


--
-- Name: wagtailcore_pagelogentry wagtailcore_pagelogentry_pkey; Type: CONSTRAINT; Schema: public; Owner: postgres
--

ALTER TABLE ONLY public.wagtailcore_pagelogentry
    ADD CONSTRAINT wagtailcore_pagelogentry_pkey PRIMARY KEY (id);


--
-- Name: wagtailcore_revision wagtailcore_pagerevision_pkey; Type: CONSTRAINT; Schema: public; Owner: postgres
--

ALTER TABLE ONLY public.wagtailcore_revision
    ADD CONSTRAINT wagtailcore_pagerevision_pkey PRIMARY KEY (id);


--
-- Name: wagtailcore_pagesubscription wagtailcore_pagesubscription_page_id_user_id_0cef73ed_uniq; Type: CONSTRAINT; Schema: public; Owner: postgres
--

ALTER TABLE ONLY public.wagtailcore_pagesubscription
    ADD CONSTRAINT wagtailcore_pagesubscription_page_id_user_id_0cef73ed_uniq UNIQUE (page_id, user_id);


--
-- Name: wagtailcore_pagesubscription wagtailcore_pagesubscription_pkey; Type: CONSTRAINT; Schema: public; Owner: postgres
--

ALTER TABLE ONLY public.wagtailcore_pagesubscription
    ADD CONSTRAINT wagtailcore_pagesubscription_pkey PRIMARY KEY (id);


--
-- Name: wagtailcore_pageviewrestriction_groups wagtailcore_pageviewrest_pageviewrestriction_id_g_d23f80bb_uniq; Type: CONSTRAINT; Schema: public; Owner: postgres
--

ALTER TABLE ONLY public.wagtailcore_pageviewrestriction_groups
    ADD CONSTRAINT wagtailcore_pageviewrest_pageviewrestriction_id_g_d23f80bb_uniq UNIQUE (pageviewrestriction_id, group_id);


--
-- Name: wagtailcore_pageviewrestriction_groups wagtailcore_pageviewrestriction_groups_pkey; Type: CONSTRAINT; Schema: public; Owner: postgres
--

ALTER TABLE ONLY public.wagtailcore_pageviewrestriction_groups
    ADD CONSTRAINT wagtailcore_pageviewrestriction_groups_pkey PRIMARY KEY (id);


--
-- Name: wagtailcore_pageviewrestriction wagtailcore_pageviewrestriction_pkey; Type: CONSTRAINT; Schema: public; Owner: postgres
--

ALTER TABLE ONLY public.wagtailcore_pageviewrestriction
    ADD CONSTRAINT wagtailcore_pageviewrestriction_pkey PRIMARY KEY (id);


--
-- Name: wagtailcore_referenceindex wagtailcore_referenceind_base_content_type_id_obj_9e6ccd6a_uniq; Type: CONSTRAINT; Schema: public; Owner: postgres
--

ALTER TABLE ONLY public.wagtailcore_referenceindex
    ADD CONSTRAINT wagtailcore_referenceind_base_content_type_id_obj_9e6ccd6a_uniq UNIQUE (base_content_type_id, object_id, to_content_type_id, to_object_id, content_path_hash);


--
-- Name: wagtailcore_referenceindex wagtailcore_referenceindex_pkey; Type: CONSTRAINT; Schema: public; Owner: postgres
--

ALTER TABLE ONLY public.wagtailcore_referenceindex
    ADD CONSTRAINT wagtailcore_referenceindex_pkey PRIMARY KEY (id);


--
-- Name: wagtailcore_site wagtailcore_site_hostname_port_2c626d70_uniq; Type: CONSTRAINT; Schema: public; Owner: postgres
--

ALTER TABLE ONLY public.wagtailcore_site
    ADD CONSTRAINT wagtailcore_site_hostname_port_2c626d70_uniq UNIQUE (hostname, port);


--
-- Name: wagtailcore_site wagtailcore_site_pkey; Type: CONSTRAINT; Schema: public; Owner: postgres
--

ALTER TABLE ONLY public.wagtailcore_site
    ADD CONSTRAINT wagtailcore_site_pkey PRIMARY KEY (id);


--
-- Name: wagtailcore_task wagtailcore_task_pkey; Type: CONSTRAINT; Schema: public; Owner: postgres
--

ALTER TABLE ONLY public.wagtailcore_task
    ADD CONSTRAINT wagtailcore_task_pkey PRIMARY KEY (id);


--
-- Name: wagtailcore_taskstate wagtailcore_taskstate_pkey; Type: CONSTRAINT; Schema: public; Owner: postgres
--

ALTER TABLE ONLY public.wagtailcore_taskstate
    ADD CONSTRAINT wagtailcore_taskstate_pkey PRIMARY KEY (id);


--
-- Name: wagtailcore_uploadedfile wagtailcore_uploadedfile_pkey; Type: CONSTRAINT; Schema: public; Owner: postgres
--

ALTER TABLE ONLY public.wagtailcore_uploadedfile
    ADD CONSTRAINT wagtailcore_uploadedfile_pkey PRIMARY KEY (id);


--
-- Name: wagtailcore_workflow wagtailcore_workflow_pkey; Type: CONSTRAINT; Schema: public; Owner: postgres
--

ALTER TABLE ONLY public.wagtailcore_workflow
    ADD CONSTRAINT wagtailcore_workflow_pkey PRIMARY KEY (id);


--
-- Name: wagtailcore_workflowcontenttype wagtailcore_workflowcontenttype_pkey; Type: CONSTRAINT; Schema: public; Owner: postgres
--

ALTER TABLE ONLY public.wagtailcore_workflowcontenttype
    ADD CONSTRAINT wagtailcore_workflowcontenttype_pkey PRIMARY KEY (content_type_id);


--
-- Name: wagtailcore_workflowpage wagtailcore_workflowpage_pkey; Type: CONSTRAINT; Schema: public; Owner: postgres
--

ALTER TABLE ONLY public.wagtailcore_workflowpage
    ADD CONSTRAINT wagtailcore_workflowpage_pkey PRIMARY KEY (page_id);


--
-- Name: wagtailcore_workflowstate wagtailcore_workflowstate_current_task_state_id_key; Type: CONSTRAINT; Schema: public; Owner: postgres
--

ALTER TABLE ONLY public.wagtailcore_workflowstate
    ADD CONSTRAINT wagtailcore_workflowstate_current_task_state_id_key UNIQUE (current_task_state_id);


--
-- Name: wagtailcore_workflowstate wagtailcore_workflowstate_pkey; Type: CONSTRAINT; Schema: public; Owner: postgres
--

ALTER TABLE ONLY public.wagtailcore_workflowstate
    ADD CONSTRAINT wagtailcore_workflowstate_pkey PRIMARY KEY (id);


--
-- Name: wagtailcore_workflowtask wagtailcore_workflowtask_pkey; Type: CONSTRAINT; Schema: public; Owner: postgres
--

ALTER TABLE ONLY public.wagtailcore_workflowtask
    ADD CONSTRAINT wagtailcore_workflowtask_pkey PRIMARY KEY (id);


--
-- Name: wagtailcore_workflowtask wagtailcore_workflowtask_workflow_id_task_id_4ec7a62b_uniq; Type: CONSTRAINT; Schema: public; Owner: postgres
--

ALTER TABLE ONLY public.wagtailcore_workflowtask
    ADD CONSTRAINT wagtailcore_workflowtask_workflow_id_task_id_4ec7a62b_uniq UNIQUE (workflow_id, task_id);


--
-- Name: wagtaildocs_document wagtaildocs_document_pkey; Type: CONSTRAINT; Schema: public; Owner: postgres
--

ALTER TABLE ONLY public.wagtaildocs_document
    ADD CONSTRAINT wagtaildocs_document_pkey PRIMARY KEY (id);


--
-- Name: wagtailembeds_embed wagtailembeds_embed_hash_c9bd8c9a_uniq; Type: CONSTRAINT; Schema: public; Owner: postgres
--

ALTER TABLE ONLY public.wagtailembeds_embed
    ADD CONSTRAINT wagtailembeds_embed_hash_c9bd8c9a_uniq UNIQUE (hash);


--
-- Name: wagtailembeds_embed wagtailembeds_embed_pkey; Type: CONSTRAINT; Schema: public; Owner: postgres
--

ALTER TABLE ONLY public.wagtailembeds_embed
    ADD CONSTRAINT wagtailembeds_embed_pkey PRIMARY KEY (id);


--
-- Name: wagtailforms_formsubmission wagtailforms_formsubmission_pkey; Type: CONSTRAINT; Schema: public; Owner: postgres
--

ALTER TABLE ONLY public.wagtailforms_formsubmission
    ADD CONSTRAINT wagtailforms_formsubmission_pkey PRIMARY KEY (id);


--
-- Name: wagtailimages_image wagtailimages_image_pkey; Type: CONSTRAINT; Schema: public; Owner: postgres
--

ALTER TABLE ONLY public.wagtailimages_image
    ADD CONSTRAINT wagtailimages_image_pkey PRIMARY KEY (id);


--
-- Name: wagtailimages_rendition wagtailimages_rendition_image_id_filter_spec_foc_323c8fe0_uniq; Type: CONSTRAINT; Schema: public; Owner: postgres
--

ALTER TABLE ONLY public.wagtailimages_rendition
    ADD CONSTRAINT wagtailimages_rendition_image_id_filter_spec_foc_323c8fe0_uniq UNIQUE (image_id, filter_spec, focal_point_key);


--
-- Name: wagtailimages_rendition wagtailimages_rendition_pkey; Type: CONSTRAINT; Schema: public; Owner: postgres
--

ALTER TABLE ONLY public.wagtailimages_rendition
    ADD CONSTRAINT wagtailimages_rendition_pkey PRIMARY KEY (id);


--
-- Name: wagtailredirects_redirect wagtailredirects_redirect_old_path_site_id_783622d7_uniq; Type: CONSTRAINT; Schema: public; Owner: postgres
--

ALTER TABLE ONLY public.wagtailredirects_redirect
    ADD CONSTRAINT wagtailredirects_redirect_old_path_site_id_783622d7_uniq UNIQUE (old_path, site_id);


--
-- Name: wagtailredirects_redirect wagtailredirects_redirect_pkey; Type: CONSTRAINT; Schema: public; Owner: postgres
--

ALTER TABLE ONLY public.wagtailredirects_redirect
    ADD CONSTRAINT wagtailredirects_redirect_pkey PRIMARY KEY (id);


--
-- Name: wagtailsearch_indexentry wagtailsearch_indexentry_content_type_id_object_i_bcd7ba73_uniq; Type: CONSTRAINT; Schema: public; Owner: postgres
--

ALTER TABLE ONLY public.wagtailsearch_indexentry
    ADD CONSTRAINT wagtailsearch_indexentry_content_type_id_object_i_bcd7ba73_uniq UNIQUE (content_type_id, object_id);


--
-- Name: wagtailsearch_indexentry wagtailsearch_indexentry_pkey; Type: CONSTRAINT; Schema: public; Owner: postgres
--

ALTER TABLE ONLY public.wagtailsearch_indexentry
    ADD CONSTRAINT wagtailsearch_indexentry_pkey PRIMARY KEY (id);


--
-- Name: wagtailusers_userprofile wagtailusers_userprofile_pkey; Type: CONSTRAINT; Schema: public; Owner: postgres
--

ALTER TABLE ONLY public.wagtailusers_userprofile
    ADD CONSTRAINT wagtailusers_userprofile_pkey PRIMARY KEY (id);


--
-- Name: wagtailusers_userprofile wagtailusers_userprofile_user_id_key; Type: CONSTRAINT; Schema: public; Owner: postgres
--

ALTER TABLE ONLY public.wagtailusers_userprofile
    ADD CONSTRAINT wagtailusers_userprofile_user_id_key UNIQUE (user_id);


--
-- Name: auth_group_name_a6ea08ec_like; Type: INDEX; Schema: public; Owner: postgres
--

CREATE INDEX auth_group_name_a6ea08ec_like ON public.auth_group USING btree (name varchar_pattern_ops);


--
-- Name: auth_group_permissions_group_id_b120cbf9; Type: INDEX; Schema: public; Owner: postgres
--

CREATE INDEX auth_group_permissions_group_id_b120cbf9 ON public.auth_group_permissions USING btree (group_id);


--
-- Name: auth_group_permissions_permission_id_84c5c92e; Type: INDEX; Schema: public; Owner: postgres
--

CREATE INDEX auth_group_permissions_permission_id_84c5c92e ON public.auth_group_permissions USING btree (permission_id);


--
-- Name: auth_permission_content_type_id_2f476e4b; Type: INDEX; Schema: public; Owner: postgres
--

CREATE INDEX auth_permission_content_type_id_2f476e4b ON public.auth_permission USING btree (content_type_id);


--
-- Name: auth_user_groups_group_id_97559544; Type: INDEX; Schema: public; Owner: postgres
--

CREATE INDEX auth_user_groups_group_id_97559544 ON public.auth_user_groups USING btree (group_id);


--
-- Name: auth_user_groups_user_id_6a12ed8b; Type: INDEX; Schema: public; Owner: postgres
--

CREATE INDEX auth_user_groups_user_id_6a12ed8b ON public.auth_user_groups USING btree (user_id);


--
-- Name: auth_user_user_permissions_permission_id_1fbb5f2c; Type: INDEX; Schema: public; Owner: postgres
--

CREATE INDEX auth_user_user_permissions_permission_id_1fbb5f2c ON public.auth_user_user_permissions USING btree (permission_id);


--
-- Name: auth_user_user_permissions_user_id_a95ead1b; Type: INDEX; Schema: public; Owner: postgres
--

CREATE INDEX auth_user_user_permissions_user_id_a95ead1b ON public.auth_user_user_permissions USING btree (user_id);


--
-- Name: auth_user_username_6821ab7c_like; Type: INDEX; Schema: public; Owner: postgres
--

CREATE INDEX auth_user_username_6821ab7c_like ON public.auth_user USING btree (username varchar_pattern_ops);


--
-- Name: base_content_object_idx; Type: INDEX; Schema: public; Owner: postgres
--

CREATE INDEX base_content_object_idx ON public.wagtailcore_revision USING btree (base_content_type_id, object_id);


--
-- Name: content_object_idx; Type: INDEX; Schema: public; Owner: postgres
--

CREATE INDEX content_object_idx ON public.wagtailcore_revision USING btree (content_type_id, object_id);


--
-- Name: django_admin_log_content_type_id_c4bce8eb; Type: INDEX; Schema: public; Owner: postgres
--

CREATE INDEX django_admin_log_content_type_id_c4bce8eb ON public.django_admin_log USING btree (content_type_id);


--
-- Name: django_admin_log_user_id_c564eba6; Type: INDEX; Schema: public; Owner: postgres
--

CREATE INDEX django_admin_log_user_id_c564eba6 ON public.django_admin_log USING btree (user_id);


--
-- Name: django_session_expire_date_a5c62663; Type: INDEX; Schema: public; Owner: postgres
--

CREATE INDEX django_session_expire_date_a5c62663 ON public.django_session USING btree (expire_date);


--
-- Name: django_session_session_key_c0390e0f_like; Type: INDEX; Schema: public; Owner: postgres
--

CREATE INDEX django_session_session_key_c0390e0f_like ON public.django_session USING btree (session_key varchar_pattern_ops);


--
-- Name: taggit_tag_name_58eb2ed9_like; Type: INDEX; Schema: public; Owner: postgres
--

CREATE INDEX taggit_tag_name_58eb2ed9_like ON public.taggit_tag USING btree (name varchar_pattern_ops);


--
-- Name: taggit_tag_slug_6be58b2c_like; Type: INDEX; Schema: public; Owner: postgres
--

CREATE INDEX taggit_tag_slug_6be58b2c_like ON public.taggit_tag USING btree (slug varchar_pattern_ops);


--
-- Name: taggit_tagg_content_8fc721_idx; Type: INDEX; Schema: public; Owner: postgres
--

CREATE INDEX taggit_tagg_content_8fc721_idx ON public.taggit_taggeditem USING btree (content_type_id, object_id);


--
-- Name: taggit_taggeditem_content_type_id_9957a03c; Type: INDEX; Schema: public; Owner: postgres
--

CREATE INDEX taggit_taggeditem_content_type_id_9957a03c ON public.taggit_taggeditem USING btree (content_type_id);


--
-- Name: taggit_taggeditem_object_id_e2d7d1df; Type: INDEX; Schema: public; Owner: postgres
--

CREATE INDEX taggit_taggeditem_object_id_e2d7d1df ON public.taggit_taggeditem USING btree (object_id);


--
-- Name: taggit_taggeditem_tag_id_f4f5b767; Type: INDEX; Schema: public; Owner: postgres
--

CREATE INDEX taggit_taggeditem_tag_id_f4f5b767 ON public.taggit_taggeditem USING btree (tag_id);


--
-- Name: unique_in_progress_workflow; Type: INDEX; Schema: public; Owner: postgres
--

CREATE UNIQUE INDEX unique_in_progress_workflow ON public.wagtailcore_workflowstate USING btree (base_content_type_id, object_id) WHERE ((status)::text = ANY ((ARRAY['in_progress'::character varying, 'needs_changes'::character varying])::text[]));


--
-- Name: wagtailadmi_content_717955_idx; Type: INDEX; Schema: public; Owner: postgres
--

CREATE INDEX wagtailadmi_content_717955_idx ON public.wagtailadmin_editingsession USING btree (content_type_id, object_id);


--
-- Name: wagtailadmin_editingsession_content_type_id_4df7730e; Type: INDEX; Schema: public; Owner: postgres
--

CREATE INDEX wagtailadmin_editingsession_content_type_id_4df7730e ON public.wagtailadmin_editingsession USING btree (content_type_id);


--
-- Name: wagtailadmin_editingsession_user_id_6e1a9b70; Type: INDEX; Schema: public; Owner: postgres
--

CREATE INDEX wagtailadmin_editingsession_user_id_6e1a9b70 ON public.wagtailadmin_editingsession USING btree (user_id);


--
-- Name: wagtailcore_collection_path_d848dc19_like; Type: INDEX; Schema: public; Owner: postgres
--

CREATE INDEX wagtailcore_collection_path_d848dc19_like ON public.wagtailcore_collection USING btree (path varchar_pattern_ops);


--
-- Name: wagtailcore_collectionview_collectionviewrestriction__47320efd; Type: INDEX; Schema: public; Owner: postgres
--

CREATE INDEX wagtailcore_collectionview_collectionviewrestriction__47320efd ON public.wagtailcore_collectionviewrestriction_groups USING btree (collectionviewrestriction_id);


--
-- Name: wagtailcore_collectionviewrestriction_collection_id_761908ec; Type: INDEX; Schema: public; Owner: postgres
--

CREATE INDEX wagtailcore_collectionviewrestriction_collection_id_761908ec ON public.wagtailcore_collectionviewrestriction USING btree (collection_id);


--
-- Name: wagtailcore_collectionviewrestriction_groups_group_id_1823f2a3; Type: INDEX; Schema: public; Owner: postgres
--

CREATE INDEX wagtailcore_collectionviewrestriction_groups_group_id_1823f2a3 ON public.wagtailcore_collectionviewrestriction_groups USING btree (group_id);


--
-- Name: wagtailcore_comment_page_id_108444b5; Type: INDEX; Schema: public; Owner: postgres
--

CREATE INDEX wagtailcore_comment_page_id_108444b5 ON public.wagtailcore_comment USING btree (page_id);


--
-- Name: wagtailcore_comment_resolved_by_id_a282aa0e; Type: INDEX; Schema: public; Owner: postgres
--

CREATE INDEX wagtailcore_comment_resolved_by_id_a282aa0e ON public.wagtailcore_comment USING btree (resolved_by_id);


--
-- Name: wagtailcore_comment_revision_created_id_1d058279; Type: INDEX; Schema: public; Owner: postgres
--

CREATE INDEX wagtailcore_comment_revision_created_id_1d058279 ON public.wagtailcore_comment USING btree (revision_created_id);


--
-- Name: wagtailcore_comment_user_id_0c577ca6; Type: INDEX; Schema: public; Owner: postgres
--

CREATE INDEX wagtailcore_comment_user_id_0c577ca6 ON public.wagtailcore_comment USING btree (user_id);


--
-- Name: wagtailcore_commentreply_comment_id_afc7e027; Type: INDEX; Schema: public; Owner: postgres
--

CREATE INDEX wagtailcore_commentreply_comment_id_afc7e027 ON public.wagtailcore_commentreply USING btree (comment_id);


--
-- Name: wagtailcore_commentreply_user_id_d0b3b9c3; Type: INDEX; Schema: public; Owner: postgres
--

CREATE INDEX wagtailcore_commentreply_user_id_d0b3b9c3 ON public.wagtailcore_commentreply USING btree (user_id);


--
-- Name: wagtailcore_groupapprovalt_groupapprovaltask_id_9a9255ea; Type: INDEX; Schema: public; Owner: postgres
--

CREATE INDEX wagtailcore_groupapprovalt_groupapprovaltask_id_9a9255ea ON public.wagtailcore_groupapprovaltask_groups USING btree (groupapprovaltask_id);


--
-- Name: wagtailcore_groupapprovaltask_groups_group_id_2e64b61f; Type: INDEX; Schema: public; Owner: postgres
--

CREATE INDEX wagtailcore_groupapprovaltask_groups_group_id_2e64b61f ON public.wagtailcore_groupapprovaltask_groups USING btree (group_id);


--
-- Name: wagtailcore_groupcollectionpermission_collection_id_5423575a; Type: INDEX; Schema: public; Owner: postgres
--

CREATE INDEX wagtailcore_groupcollectionpermission_collection_id_5423575a ON public.wagtailcore_groupcollectionpermission USING btree (collection_id);


--
-- Name: wagtailcore_groupcollectionpermission_group_id_05d61460; Type: INDEX; Schema: public; Owner: postgres
--

CREATE INDEX wagtailcore_groupcollectionpermission_group_id_05d61460 ON public.wagtailcore_groupcollectionpermission USING btree (group_id);


--
-- Name: wagtailcore_groupcollectionpermission_permission_id_1b626275; Type: INDEX; Schema: public; Owner: postgres
--

CREATE INDEX wagtailcore_groupcollectionpermission_permission_id_1b626275 ON public.wagtailcore_groupcollectionpermission USING btree (permission_id);


--
-- Name: wagtailcore_grouppagepermission_group_id_fc07e671; Type: INDEX; Schema: public; Owner: postgres
--

CREATE INDEX wagtailcore_grouppagepermission_group_id_fc07e671 ON public.wagtailcore_grouppagepermission USING btree (group_id);


--
-- Name: wagtailcore_grouppagepermission_page_id_710b114a; Type: INDEX; Schema: public; Owner: postgres
--

CREATE INDEX wagtailcore_grouppagepermission_page_id_710b114a ON public.wagtailcore_grouppagepermission USING btree (page_id);


--
-- Name: wagtailcore_grouppagepermission_permission_id_05acb22e; Type: INDEX; Schema: public; Owner: postgres
--

CREATE INDEX wagtailcore_grouppagepermission_permission_id_05acb22e ON public.wagtailcore_grouppagepermission USING btree (permission_id);


--
-- Name: wagtailcore_locale_language_code_03149338_like; Type: INDEX; Schema: public; Owner: postgres
--

CREATE INDEX wagtailcore_locale_language_code_03149338_like ON public.wagtailcore_locale USING btree (language_code varchar_pattern_ops);


--
-- Name: wagtailcore_modellogentry_action_d2d856ee; Type: INDEX; Schema: public; Owner: postgres
--

CREATE INDEX wagtailcore_modellogentry_action_d2d856ee ON public.wagtailcore_modellogentry USING btree (action);


--
-- Name: wagtailcore_modellogentry_action_d2d856ee_like; Type: INDEX; Schema: public; Owner: postgres
--

CREATE INDEX wagtailcore_modellogentry_action_d2d856ee_like ON public.wagtailcore_modellogentry USING btree (action varchar_pattern_ops);


--
-- Name: wagtailcore_modellogentry_content_changed_8bc39742; Type: INDEX; Schema: public; Owner: postgres
--

CREATE INDEX wagtailcore_modellogentry_content_changed_8bc39742 ON public.wagtailcore_modellogentry USING btree (content_changed);


--
-- Name: wagtailcore_modellogentry_content_type_id_68849e77; Type: INDEX; Schema: public; Owner: postgres
--

CREATE INDEX wagtailcore_modellogentry_content_type_id_68849e77 ON public.wagtailcore_modellogentry USING btree (content_type_id);


--
-- Name: wagtailcore_modellogentry_object_id_e0e7d4ef; Type: INDEX; Schema: public; Owner: postgres
--

CREATE INDEX wagtailcore_modellogentry_object_id_e0e7d4ef ON public.wagtailcore_modellogentry USING btree (object_id);


--
-- Name: wagtailcore_modellogentry_object_id_e0e7d4ef_like; Type: INDEX; Schema: public; Owner: postgres
--

CREATE INDEX wagtailcore_modellogentry_object_id_e0e7d4ef_like ON public.wagtailcore_modellogentry USING btree (object_id varchar_pattern_ops);


--
-- Name: wagtailcore_modellogentry_revision_id_df6ca33a; Type: INDEX; Schema: public; Owner: postgres
--

CREATE INDEX wagtailcore_modellogentry_revision_id_df6ca33a ON public.wagtailcore_modellogentry USING btree (revision_id);


--
-- Name: wagtailcore_modellogentry_timestamp_9694521b; Type: INDEX; Schema: public; Owner: postgres
--

CREATE INDEX wagtailcore_modellogentry_timestamp_9694521b ON public.wagtailcore_modellogentry USING btree ("timestamp");


--
-- Name: wagtailcore_modellogentry_user_id_0278d1bf; Type: INDEX; Schema: public; Owner: postgres
--

CREATE INDEX wagtailcore_modellogentry_user_id_0278d1bf ON public.wagtailcore_modellogentry USING btree (user_id);


--
-- Name: wagtailcore_page_alias_of_id_12945502; Type: INDEX; Schema: public; Owner: postgres
--

CREATE INDEX wagtailcore_page_alias_of_id_12945502 ON public.wagtailcore_page USING btree (alias_of_id);


--
-- Name: wagtailcore_page_content_type_id_c28424df; Type: INDEX; Schema: public; Owner: postgres
--

CREATE INDEX wagtailcore_page_content_type_id_c28424df ON public.wagtailcore_page USING btree (content_type_id);


--
-- Name: wagtailcore_page_first_published_at_2b5dd637; Type: INDEX; Schema: public; Owner: postgres
--

CREATE INDEX wagtailcore_page_first_published_at_2b5dd637 ON public.wagtailcore_page USING btree (first_published_at);


--
-- Name: wagtailcore_page_latest_revision_id_e60fef51; Type: INDEX; Schema: public; Owner: postgres
--

CREATE INDEX wagtailcore_page_latest_revision_id_e60fef51 ON public.wagtailcore_page USING btree (latest_revision_id);


--
-- Name: wagtailcore_page_live_revision_id_930bd822; Type: INDEX; Schema: public; Owner: postgres
--

CREATE INDEX wagtailcore_page_live_revision_id_930bd822 ON public.wagtailcore_page USING btree (live_revision_id);


--
-- Name: wagtailcore_page_locale_id_3c7e30a6; Type: INDEX; Schema: public; Owner: postgres
--

CREATE INDEX wagtailcore_page_locale_id_3c7e30a6 ON public.wagtailcore_page USING btree (locale_id);


--
-- Name: wagtailcore_page_locked_by_id_bcb86245; Type: INDEX; Schema: public; Owner: postgres
--

CREATE INDEX wagtailcore_page_locked_by_id_bcb86245 ON public.wagtailcore_page USING btree (locked_by_id);


--
-- Name: wagtailcore_page_owner_id_fbf7c332; Type: INDEX; Schema: public; Owner: postgres
--

CREATE INDEX wagtailcore_page_owner_id_fbf7c332 ON public.wagtailcore_page USING btree (owner_id);


--
-- Name: wagtailcore_page_path_98eba2c8_like; Type: INDEX; Schema: public; Owner: postgres
--

CREATE INDEX wagtailcore_page_path_98eba2c8_like ON public.wagtailcore_page USING btree (path varchar_pattern_ops);


--
-- Name: wagtailcore_page_slug_e7c11b8f; Type: INDEX; Schema: public; Owner: postgres
--

CREATE INDEX wagtailcore_page_slug_e7c11b8f ON public.wagtailcore_page USING btree (slug);


--
-- Name: wagtailcore_page_slug_e7c11b8f_like; Type: INDEX; Schema: public; Owner: postgres
--

CREATE INDEX wagtailcore_page_slug_e7c11b8f_like ON public.wagtailcore_page USING btree (slug varchar_pattern_ops);


--
-- Name: wagtailcore_pagelogentry_action_c2408198; Type: INDEX; Schema: public; Owner: postgres
--

CREATE INDEX wagtailcore_pagelogentry_action_c2408198 ON public.wagtailcore_pagelogentry USING btree (action);


--
-- Name: wagtailcore_pagelogentry_action_c2408198_like; Type: INDEX; Schema: public; Owner: postgres
--

CREATE INDEX wagtailcore_pagelogentry_action_c2408198_like ON public.wagtailcore_pagelogentry USING btree (action varchar_pattern_ops);


--
-- Name: wagtailcore_pagelogentry_content_changed_99f27ade; Type: INDEX; Schema: public; Owner: postgres
--

CREATE INDEX wagtailcore_pagelogentry_content_changed_99f27ade ON public.wagtailcore_pagelogentry USING btree (content_changed);


--
-- Name: wagtailcore_pagelogentry_content_type_id_74e7708a; Type: INDEX; Schema: public; Owner: postgres
--

CREATE INDEX wagtailcore_pagelogentry_content_type_id_74e7708a ON public.wagtailcore_pagelogentry USING btree (content_type_id);


--
-- Name: wagtailcore_pagelogentry_page_id_8464e327; Type: INDEX; Schema: public; Owner: postgres
--

CREATE INDEX wagtailcore_pagelogentry_page_id_8464e327 ON public.wagtailcore_pagelogentry USING btree (page_id);


--
-- Name: wagtailcore_pagelogentry_revision_id_8043d103; Type: INDEX; Schema: public; Owner: postgres
--

CREATE INDEX wagtailcore_pagelogentry_revision_id_8043d103 ON public.wagtailcore_pagelogentry USING btree (revision_id);


--
-- Name: wagtailcore_pagelogentry_timestamp_deb774c4; Type: INDEX; Schema: public; Owner: postgres
--

CREATE INDEX wagtailcore_pagelogentry_timestamp_deb774c4 ON public.wagtailcore_pagelogentry USING btree ("timestamp");


--
-- Name: wagtailcore_pagelogentry_user_id_604ccfd8; Type: INDEX; Schema: public; Owner: postgres
--

CREATE INDEX wagtailcore_pagelogentry_user_id_604ccfd8 ON public.wagtailcore_pagelogentry USING btree (user_id);


--
-- Name: wagtailcore_pagerevision_approved_go_live_at_e56afc67; Type: INDEX; Schema: public; Owner: postgres
--

CREATE INDEX wagtailcore_pagerevision_approved_go_live_at_e56afc67 ON public.wagtailcore_revision USING btree (approved_go_live_at);


--
-- Name: wagtailcore_pagerevision_created_at_66954e3b; Type: INDEX; Schema: public; Owner: postgres
--

CREATE INDEX wagtailcore_pagerevision_created_at_66954e3b ON public.wagtailcore_revision USING btree (created_at);


--
-- Name: wagtailcore_pagerevision_user_id_2409d2f4; Type: INDEX; Schema: public; Owner: postgres
--

CREATE INDEX wagtailcore_pagerevision_user_id_2409d2f4 ON public.wagtailcore_revision USING btree (user_id);


--
-- Name: wagtailcore_pagesubscription_page_id_a085e7a6; Type: INDEX; Schema: public; Owner: postgres
--

CREATE INDEX wagtailcore_pagesubscription_page_id_a085e7a6 ON public.wagtailcore_pagesubscription USING btree (page_id);


--
-- Name: wagtailcore_pagesubscription_user_id_89d7def9; Type: INDEX; Schema: public; Owner: postgres
--

CREATE INDEX wagtailcore_pagesubscription_user_id_89d7def9 ON public.wagtailcore_pagesubscription USING btree (user_id);


--
-- Name: wagtailcore_pageviewrestri_pageviewrestriction_id_f147a99a; Type: INDEX; Schema: public; Owner: postgres
--

CREATE INDEX wagtailcore_pageviewrestri_pageviewrestriction_id_f147a99a ON public.wagtailcore_pageviewrestriction_groups USING btree (pageviewrestriction_id);


--
-- Name: wagtailcore_pageviewrestriction_groups_group_id_6460f223; Type: INDEX; Schema: public; Owner: postgres
--

CREATE INDEX wagtailcore_pageviewrestriction_groups_group_id_6460f223 ON public.wagtailcore_pageviewrestriction_groups USING btree (group_id);


--
-- Name: wagtailcore_pageviewrestriction_page_id_15a8bea6; Type: INDEX; Schema: public; Owner: postgres
--

CREATE INDEX wagtailcore_pageviewrestriction_page_id_15a8bea6 ON public.wagtailcore_pageviewrestriction USING btree (page_id);


--
-- Name: wagtailcore_referenceindex_base_content_type_id_313cf40f; Type: INDEX; Schema: public; Owner: postgres
--

CREATE INDEX wagtailcore_referenceindex_base_content_type_id_313cf40f ON public.wagtailcore_referenceindex USING btree (base_content_type_id);


--
-- Name: wagtailcore_referenceindex_content_type_id_766e0336; Type: INDEX; Schema: public; Owner: postgres
--

CREATE INDEX wagtailcore_referenceindex_content_type_id_766e0336 ON public.wagtailcore_referenceindex USING btree (content_type_id);


--
-- Name: wagtailcore_referenceindex_to_content_type_id_93690bbd; Type: INDEX; Schema: public; Owner: postgres
--

CREATE INDEX wagtailcore_referenceindex_to_content_type_id_93690bbd ON public.wagtailcore_referenceindex USING btree (to_content_type_id);


--
-- Name: wagtailcore_revision_base_content_type_id_5b4ef7bd; Type: INDEX; Schema: public; Owner: postgres
--

CREATE INDEX wagtailcore_revision_base_content_type_id_5b4ef7bd ON public.wagtailcore_revision USING btree (base_content_type_id);


--
-- Name: wagtailcore_revision_content_type_id_c8cb69c0; Type: INDEX; Schema: public; Owner: postgres
--

CREATE INDEX wagtailcore_revision_content_type_id_c8cb69c0 ON public.wagtailcore_revision USING btree (content_type_id);


--
-- Name: wagtailcore_site_hostname_96b20b46; Type: INDEX; Schema: public; Owner: postgres
--

CREATE INDEX wagtailcore_site_hostname_96b20b46 ON public.wagtailcore_site USING btree (hostname);


--
-- Name: wagtailcore_site_hostname_96b20b46_like; Type: INDEX; Schema: public; Owner: postgres
--

CREATE INDEX wagtailcore_site_hostname_96b20b46_like ON public.wagtailcore_site USING btree (hostname varchar_pattern_ops);


--
-- Name: wagtailcore_site_root_page_id_e02fb95c; Type: INDEX; Schema: public; Owner: postgres
--

CREATE INDEX wagtailcore_site_root_page_id_e02fb95c ON public.wagtailcore_site USING btree (root_page_id);


--
-- Name: wagtailcore_task_content_type_id_249ab8ba; Type: INDEX; Schema: public; Owner: postgres
--

CREATE INDEX wagtailcore_task_content_type_id_249ab8ba ON public.wagtailcore_task USING btree (content_type_id);


--
-- Name: wagtailcore_taskstate_content_type_id_0a758fdc; Type: INDEX; Schema: public; Owner: postgres
--

CREATE INDEX wagtailcore_taskstate_content_type_id_0a758fdc ON public.wagtailcore_taskstate USING btree (content_type_id);


--
-- Name: wagtailcore_taskstate_finished_by_id_13f98229; Type: INDEX; Schema: public; Owner: postgres
--

CREATE INDEX wagtailcore_taskstate_finished_by_id_13f98229 ON public.wagtailcore_taskstate USING btree (finished_by_id);


--
-- Name: wagtailcore_taskstate_page_revision_id_9f52c88e; Type: INDEX; Schema: public; Owner: postgres
--

CREATE INDEX wagtailcore_taskstate_page_revision_id_9f52c88e ON public.wagtailcore_taskstate USING btree (revision_id);


--
-- Name: wagtailcore_taskstate_task_id_c3677c34; Type: INDEX; Schema: public; Owner: postgres
--

CREATE INDEX wagtailcore_taskstate_task_id_c3677c34 ON public.wagtailcore_taskstate USING btree (task_id);


--
-- Name: wagtailcore_taskstate_workflow_state_id_9239a775; Type: INDEX; Schema: public; Owner: postgres
--

CREATE INDEX wagtailcore_taskstate_workflow_state_id_9239a775 ON public.wagtailcore_taskstate USING btree (workflow_state_id);


--
-- Name: wagtailcore_uploadedfile_for_content_type_id_b0fc87b2; Type: INDEX; Schema: public; Owner: postgres
--

CREATE INDEX wagtailcore_uploadedfile_for_content_type_id_b0fc87b2 ON public.wagtailcore_uploadedfile USING btree (for_content_type_id);


--
-- Name: wagtailcore_uploadedfile_uploaded_by_user_id_c7580fe8; Type: INDEX; Schema: public; Owner: postgres
--

CREATE INDEX wagtailcore_uploadedfile_uploaded_by_user_id_c7580fe8 ON public.wagtailcore_uploadedfile USING btree (uploaded_by_user_id);


--
-- Name: wagtailcore_workflowcontenttype_workflow_id_9aad7cd2; Type: INDEX; Schema: public; Owner: postgres
--

CREATE INDEX wagtailcore_workflowcontenttype_workflow_id_9aad7cd2 ON public.wagtailcore_workflowcontenttype USING btree (workflow_id);


--
-- Name: wagtailcore_workflowpage_workflow_id_56f56ff6; Type: INDEX; Schema: public; Owner: postgres
--

CREATE INDEX wagtailcore_workflowpage_workflow_id_56f56ff6 ON public.wagtailcore_workflowpage USING btree (workflow_id);


--
-- Name: wagtailcore_workflowstate_base_content_type_id_a30dc576; Type: INDEX; Schema: public; Owner: postgres
--

CREATE INDEX wagtailcore_workflowstate_base_content_type_id_a30dc576 ON public.wagtailcore_workflowstate USING btree (base_content_type_id);


--
-- Name: wagtailcore_workflowstate_content_type_id_2bb78ce1; Type: INDEX; Schema: public; Owner: postgres
--

CREATE INDEX wagtailcore_workflowstate_content_type_id_2bb78ce1 ON public.wagtailcore_workflowstate USING btree (content_type_id);


--
-- Name: wagtailcore_workflowstate_requested_by_id_4090bca3; Type: INDEX; Schema: public; Owner: postgres
--

CREATE INDEX wagtailcore_workflowstate_requested_by_id_4090bca3 ON public.wagtailcore_workflowstate USING btree (requested_by_id);


--
-- Name: wagtailcore_workflowstate_workflow_id_1f18378f; Type: INDEX; Schema: public; Owner: postgres
--

CREATE INDEX wagtailcore_workflowstate_workflow_id_1f18378f ON public.wagtailcore_workflowstate USING btree (workflow_id);


--
-- Name: wagtailcore_workflowtask_task_id_ce7716fe; Type: INDEX; Schema: public; Owner: postgres
--

CREATE INDEX wagtailcore_workflowtask_task_id_ce7716fe ON public.wagtailcore_workflowtask USING btree (task_id);


--
-- Name: wagtailcore_workflowtask_workflow_id_b9717175; Type: INDEX; Schema: public; Owner: postgres
--

CREATE INDEX wagtailcore_workflowtask_workflow_id_b9717175 ON public.wagtailcore_workflowtask USING btree (workflow_id);


--
-- Name: wagtaildocs_document_collection_id_23881625; Type: INDEX; Schema: public; Owner: postgres
--

CREATE INDEX wagtaildocs_document_collection_id_23881625 ON public.wagtaildocs_document USING btree (collection_id);


--
-- Name: wagtaildocs_document_uploaded_by_user_id_17258b41; Type: INDEX; Schema: public; Owner: postgres
--

CREATE INDEX wagtaildocs_document_uploaded_by_user_id_17258b41 ON public.wagtaildocs_document USING btree (uploaded_by_user_id);


--
-- Name: wagtailembeds_embed_cache_until_26c94bb0; Type: INDEX; Schema: public; Owner: postgres
--

CREATE INDEX wagtailembeds_embed_cache_until_26c94bb0 ON public.wagtailembeds_embed USING btree (cache_until);


--
-- Name: wagtailembeds_embed_hash_c9bd8c9a_like; Type: INDEX; Schema: public; Owner: postgres
--

CREATE INDEX wagtailembeds_embed_hash_c9bd8c9a_like ON public.wagtailembeds_embed USING btree (hash varchar_pattern_ops);


--
-- Name: wagtailforms_formsubmission_page_id_e48e93e7; Type: INDEX; Schema: public; Owner: postgres
--

CREATE INDEX wagtailforms_formsubmission_page_id_e48e93e7 ON public.wagtailforms_formsubmission USING btree (page_id);


--
-- Name: wagtailimages_image_collection_id_c2f8af7e; Type: INDEX; Schema: public; Owner: postgres
--

CREATE INDEX wagtailimages_image_collection_id_c2f8af7e ON public.wagtailimages_image USING btree (collection_id);


--
-- Name: wagtailimages_image_created_at_86fa6cd4; Type: INDEX; Schema: public; Owner: postgres
--

CREATE INDEX wagtailimages_image_created_at_86fa6cd4 ON public.wagtailimages_image USING btree (created_at);


--
-- Name: wagtailimages_image_file_hash_fb5bbb23; Type: INDEX; Schema: public; Owner: postgres
--

CREATE INDEX wagtailimages_image_file_hash_fb5bbb23 ON public.wagtailimages_image USING btree (file_hash);


--
-- Name: wagtailimages_image_file_hash_fb5bbb23_like; Type: INDEX; Schema: public; Owner: postgres
--

CREATE INDEX wagtailimages_image_file_hash_fb5bbb23_like ON public.wagtailimages_image USING btree (file_hash varchar_pattern_ops);


--
-- Name: wagtailimages_image_uploaded_by_user_id_5d73dc75; Type: INDEX; Schema: public; Owner: postgres
--

CREATE INDEX wagtailimages_image_uploaded_by_user_id_5d73dc75 ON public.wagtailimages_image USING btree (uploaded_by_user_id);


--
-- Name: wagtailimages_rendition_filter_spec_1cba3201; Type: INDEX; Schema: public; Owner: postgres
--

CREATE INDEX wagtailimages_rendition_filter_spec_1cba3201 ON public.wagtailimages_rendition USING btree (filter_spec);


--
-- Name: wagtailimages_rendition_filter_spec_1cba3201_like; Type: INDEX; Schema: public; Owner: postgres
--

CREATE INDEX wagtailimages_rendition_filter_spec_1cba3201_like ON public.wagtailimages_rendition USING btree (filter_spec varchar_pattern_ops);


--
-- Name: wagtailimages_rendition_image_id_3e1fd774; Type: INDEX; Schema: public; Owner: postgres
--

CREATE INDEX wagtailimages_rendition_image_id_3e1fd774 ON public.wagtailimages_rendition USING btree (image_id);


--
-- Name: wagtailredirects_redirect_old_path_bb35247b; Type: INDEX; Schema: public; Owner: postgres
--

CREATE INDEX wagtailredirects_redirect_old_path_bb35247b ON public.wagtailredirects_redirect USING btree (old_path);


--
-- Name: wagtailredirects_redirect_old_path_bb35247b_like; Type: INDEX; Schema: public; Owner: postgres
--

CREATE INDEX wagtailredirects_redirect_old_path_bb35247b_like ON public.wagtailredirects_redirect USING btree (old_path varchar_pattern_ops);


--
-- Name: wagtailredirects_redirect_redirect_page_id_b5728a8f; Type: INDEX; Schema: public; Owner: postgres
--

CREATE INDEX wagtailredirects_redirect_redirect_page_id_b5728a8f ON public.wagtailredirects_redirect USING btree (redirect_page_id);


--
-- Name: wagtailredirects_redirect_site_id_780a0e1e; Type: INDEX; Schema: public; Owner: postgres
--

CREATE INDEX wagtailredirects_redirect_site_id_780a0e1e ON public.wagtailredirects_redirect USING btree (site_id);


--
-- Name: wagtailsear_autocom_476c89_gin; Type: INDEX; Schema: public; Owner: postgres
--

CREATE INDEX wagtailsear_autocom_476c89_gin ON public.wagtailsearch_indexentry USING gin (autocomplete);


--
-- Name: wagtailsear_body_90c85d_gin; Type: INDEX; Schema: public; Owner: postgres
--

CREATE INDEX wagtailsear_body_90c85d_gin ON public.wagtailsearch_indexentry USING gin (body);


--
-- Name: wagtailsear_title_9caae0_gin; Type: INDEX; Schema: public; Owner: postgres
--

CREATE INDEX wagtailsear_title_9caae0_gin ON public.wagtailsearch_indexentry USING gin (title);


--
-- Name: wagtailsearch_indexentry_content_type_id_62ed694f; Type: INDEX; Schema: public; Owner: postgres
--

CREATE INDEX wagtailsearch_indexentry_content_type_id_62ed694f ON public.wagtailsearch_indexentry USING btree (content_type_id);


--
-- Name: workflowstate_base_ct_id_idx; Type: INDEX; Schema: public; Owner: postgres
--

CREATE INDEX workflowstate_base_ct_id_idx ON public.wagtailcore_workflowstate USING btree (base_content_type_id, object_id);


--
-- Name: workflowstate_ct_id_idx; Type: INDEX; Schema: public; Owner: postgres
--

CREATE INDEX workflowstate_ct_id_idx ON public.wagtailcore_workflowstate USING btree (content_type_id, object_id);


--
-- Name: auth_group_permissions auth_group_permissio_permission_id_84c5c92e_fk_auth_perm; Type: FK CONSTRAINT; Schema: public; Owner: postgres
--

ALTER TABLE ONLY public.auth_group_permissions
    ADD CONSTRAINT auth_group_permissio_permission_id_84c5c92e_fk_auth_perm FOREIGN KEY (permission_id) REFERENCES public.auth_permission(id) DEFERRABLE INITIALLY DEFERRED;


--
-- Name: auth_group_permissions auth_group_permissions_group_id_b120cbf9_fk_auth_group_id; Type: FK CONSTRAINT; Schema: public; Owner: postgres
--

ALTER TABLE ONLY public.auth_group_permissions
    ADD CONSTRAINT auth_group_permissions_group_id_b120cbf9_fk_auth_group_id FOREIGN KEY (group_id) REFERENCES public.auth_group(id) DEFERRABLE INITIALLY DEFERRED;


--
-- Name: auth_permission auth_permission_content_type_id_2f476e4b_fk_django_co; Type: FK CONSTRAINT; Schema: public; Owner: postgres
--

ALTER TABLE ONLY public.auth_permission
    ADD CONSTRAINT auth_permission_content_type_id_2f476e4b_fk_django_co FOREIGN KEY (content_type_id) REFERENCES public.django_content_type(id) DEFERRABLE INITIALLY DEFERRED;


--
-- Name: auth_user_groups auth_user_groups_group_id_97559544_fk_auth_group_id; Type: FK CONSTRAINT; Schema: public; Owner: postgres
--

ALTER TABLE ONLY public.auth_user_groups
    ADD CONSTRAINT auth_user_groups_group_id_97559544_fk_auth_group_id FOREIGN KEY (group_id) REFERENCES public.auth_group(id) DEFERRABLE INITIALLY DEFERRED;


--
-- Name: auth_user_groups auth_user_groups_user_id_6a12ed8b_fk_auth_user_id; Type: FK CONSTRAINT; Schema: public; Owner: postgres
--

ALTER TABLE ONLY public.auth_user_groups
    ADD CONSTRAINT auth_user_groups_user_id_6a12ed8b_fk_auth_user_id FOREIGN KEY (user_id) REFERENCES public.auth_user(id) DEFERRABLE INITIALLY DEFERRED;


--
-- Name: auth_user_user_permissions auth_user_user_permi_permission_id_1fbb5f2c_fk_auth_perm; Type: FK CONSTRAINT; Schema: public; Owner: postgres
--

ALTER TABLE ONLY public.auth_user_user_permissions
    ADD CONSTRAINT auth_user_user_permi_permission_id_1fbb5f2c_fk_auth_perm FOREIGN KEY (permission_id) REFERENCES public.auth_permission(id) DEFERRABLE INITIALLY DEFERRED;


--
-- Name: auth_user_user_permissions auth_user_user_permissions_user_id_a95ead1b_fk_auth_user_id; Type: FK CONSTRAINT; Schema: public; Owner: postgres
--

ALTER TABLE ONLY public.auth_user_user_permissions
    ADD CONSTRAINT auth_user_user_permissions_user_id_a95ead1b_fk_auth_user_id FOREIGN KEY (user_id) REFERENCES public.auth_user(id) DEFERRABLE INITIALLY DEFERRED;


--
-- Name: content_achievementpage content_achievementp_page_ptr_id_46d30b82_fk_wagtailco; Type: FK CONSTRAINT; Schema: public; Owner: postgres
--

ALTER TABLE ONLY public.content_achievementpage
    ADD CONSTRAINT content_achievementp_page_ptr_id_46d30b82_fk_wagtailco FOREIGN KEY (page_ptr_id) REFERENCES public.wagtailcore_page(id) DEFERRABLE INITIALLY DEFERRED;


--
-- Name: content_homepage content_homepage_page_ptr_id_52d9421a_fk_wagtailcore_page_id; Type: FK CONSTRAINT; Schema: public; Owner: postgres
--

ALTER TABLE ONLY public.content_homepage
    ADD CONSTRAINT content_homepage_page_ptr_id_52d9421a_fk_wagtailcore_page_id FOREIGN KEY (page_ptr_id) REFERENCES public.wagtailcore_page(id) DEFERRABLE INITIALLY DEFERRED;


--
-- Name: content_simplepage content_simplepage_page_ptr_id_bcde9909_fk_wagtailcore_page_id; Type: FK CONSTRAINT; Schema: public; Owner: postgres
--

ALTER TABLE ONLY public.content_simplepage
    ADD CONSTRAINT content_simplepage_page_ptr_id_bcde9909_fk_wagtailcore_page_id FOREIGN KEY (page_ptr_id) REFERENCES public.wagtailcore_page(id) DEFERRABLE INITIALLY DEFERRED;


--
-- Name: django_admin_log django_admin_log_content_type_id_c4bce8eb_fk_django_co; Type: FK CONSTRAINT; Schema: public; Owner: postgres
--

ALTER TABLE ONLY public.django_admin_log
    ADD CONSTRAINT django_admin_log_content_type_id_c4bce8eb_fk_django_co FOREIGN KEY (content_type_id) REFERENCES public.django_content_type(id) DEFERRABLE INITIALLY DEFERRED;


--
-- Name: django_admin_log django_admin_log_user_id_c564eba6_fk_auth_user_id; Type: FK CONSTRAINT; Schema: public; Owner: postgres
--

ALTER TABLE ONLY public.django_admin_log
    ADD CONSTRAINT django_admin_log_user_id_c564eba6_fk_auth_user_id FOREIGN KEY (user_id) REFERENCES public.auth_user(id) DEFERRABLE INITIALLY DEFERRED;


--
-- Name: taggit_taggeditem taggit_taggeditem_content_type_id_9957a03c_fk_django_co; Type: FK CONSTRAINT; Schema: public; Owner: postgres
--

ALTER TABLE ONLY public.taggit_taggeditem
    ADD CONSTRAINT taggit_taggeditem_content_type_id_9957a03c_fk_django_co FOREIGN KEY (content_type_id) REFERENCES public.django_content_type(id) DEFERRABLE INITIALLY DEFERRED;


--
-- Name: taggit_taggeditem taggit_taggeditem_tag_id_f4f5b767_fk_taggit_tag_id; Type: FK CONSTRAINT; Schema: public; Owner: postgres
--

ALTER TABLE ONLY public.taggit_taggeditem
    ADD CONSTRAINT taggit_taggeditem_tag_id_f4f5b767_fk_taggit_tag_id FOREIGN KEY (tag_id) REFERENCES public.taggit_tag(id) DEFERRABLE INITIALLY DEFERRED;


--
-- Name: wagtailadmin_editingsession wagtailadmin_editing_content_type_id_4df7730e_fk_django_co; Type: FK CONSTRAINT; Schema: public; Owner: postgres
--

ALTER TABLE ONLY public.wagtailadmin_editingsession
    ADD CONSTRAINT wagtailadmin_editing_content_type_id_4df7730e_fk_django_co FOREIGN KEY (content_type_id) REFERENCES public.django_content_type(id) DEFERRABLE INITIALLY DEFERRED;


--
-- Name: wagtailadmin_editingsession wagtailadmin_editingsession_user_id_6e1a9b70_fk_auth_user_id; Type: FK CONSTRAINT; Schema: public; Owner: postgres
--

ALTER TABLE ONLY public.wagtailadmin_editingsession
    ADD CONSTRAINT wagtailadmin_editingsession_user_id_6e1a9b70_fk_auth_user_id FOREIGN KEY (user_id) REFERENCES public.auth_user(id) DEFERRABLE INITIALLY DEFERRED;


--
-- Name: wagtailcore_collectionviewrestriction wagtailcore_collecti_collection_id_761908ec_fk_wagtailco; Type: FK CONSTRAINT; Schema: public; Owner: postgres
--

ALTER TABLE ONLY public.wagtailcore_collectionviewrestriction
    ADD CONSTRAINT wagtailcore_collecti_collection_id_761908ec_fk_wagtailco FOREIGN KEY (collection_id) REFERENCES public.wagtailcore_collection(id) DEFERRABLE INITIALLY DEFERRED;


--
-- Name: wagtailcore_collectionviewrestriction_groups wagtailcore_collecti_collectionviewrestri_47320efd_fk_wagtailco; Type: FK CONSTRAINT; Schema: public; Owner: postgres
--

ALTER TABLE ONLY public.wagtailcore_collectionviewrestriction_groups
    ADD CONSTRAINT wagtailcore_collecti_collectionviewrestri_47320efd_fk_wagtailco FOREIGN KEY (collectionviewrestriction_id) REFERENCES public.wagtailcore_collectionviewrestriction(id) DEFERRABLE INITIALLY DEFERRED;


--
-- Name: wagtailcore_collectionviewrestriction_groups wagtailcore_collecti_group_id_1823f2a3_fk_auth_grou; Type: FK CONSTRAINT; Schema: public; Owner: postgres
--

ALTER TABLE ONLY public.wagtailcore_collectionviewrestriction_groups
    ADD CONSTRAINT wagtailcore_collecti_group_id_1823f2a3_fk_auth_grou FOREIGN KEY (group_id) REFERENCES public.auth_group(id) DEFERRABLE INITIALLY DEFERRED;


--
-- Name: wagtailcore_comment wagtailcore_comment_page_id_108444b5_fk_wagtailcore_page_id; Type: FK CONSTRAINT; Schema: public; Owner: postgres
--

ALTER TABLE ONLY public.wagtailcore_comment
    ADD CONSTRAINT wagtailcore_comment_page_id_108444b5_fk_wagtailcore_page_id FOREIGN KEY (page_id) REFERENCES public.wagtailcore_page(id) DEFERRABLE INITIALLY DEFERRED;


--
-- Name: wagtailcore_comment wagtailcore_comment_resolved_by_id_a282aa0e_fk_auth_user_id; Type: FK CONSTRAINT; Schema: public; Owner: postgres
--

ALTER TABLE ONLY public.wagtailcore_comment
    ADD CONSTRAINT wagtailcore_comment_resolved_by_id_a282aa0e_fk_auth_user_id FOREIGN KEY (resolved_by_id) REFERENCES public.auth_user(id) DEFERRABLE INITIALLY DEFERRED;


--
-- Name: wagtailcore_comment wagtailcore_comment_revision_created_id_1d058279_fk_wagtailco; Type: FK CONSTRAINT; Schema: public; Owner: postgres
--

ALTER TABLE ONLY public.wagtailcore_comment
    ADD CONSTRAINT wagtailcore_comment_revision_created_id_1d058279_fk_wagtailco FOREIGN KEY (revision_created_id) REFERENCES public.wagtailcore_revision(id) DEFERRABLE INITIALLY DEFERRED;


--
-- Name: wagtailcore_comment wagtailcore_comment_user_id_0c577ca6_fk_auth_user_id; Type: FK CONSTRAINT; Schema: public; Owner: postgres
--

ALTER TABLE ONLY public.wagtailcore_comment
    ADD CONSTRAINT wagtailcore_comment_user_id_0c577ca6_fk_auth_user_id FOREIGN KEY (user_id) REFERENCES public.auth_user(id) DEFERRABLE INITIALLY DEFERRED;


--
-- Name: wagtailcore_commentreply wagtailcore_commentr_comment_id_afc7e027_fk_wagtailco; Type: FK CONSTRAINT; Schema: public; Owner: postgres
--

ALTER TABLE ONLY public.wagtailcore_commentreply
    ADD CONSTRAINT wagtailcore_commentr_comment_id_afc7e027_fk_wagtailco FOREIGN KEY (comment_id) REFERENCES public.wagtailcore_comment(id) DEFERRABLE INITIALLY DEFERRED;


--
-- Name: wagtailcore_commentreply wagtailcore_commentreply_user_id_d0b3b9c3_fk_auth_user_id; Type: FK CONSTRAINT; Schema: public; Owner: postgres
--

ALTER TABLE ONLY public.wagtailcore_commentreply
    ADD CONSTRAINT wagtailcore_commentreply_user_id_d0b3b9c3_fk_auth_user_id FOREIGN KEY (user_id) REFERENCES public.auth_user(id) DEFERRABLE INITIALLY DEFERRED;


--
-- Name: wagtailcore_groupapprovaltask_groups wagtailcore_groupapp_group_id_2e64b61f_fk_auth_grou; Type: FK CONSTRAINT; Schema: public; Owner: postgres
--

ALTER TABLE ONLY public.wagtailcore_groupapprovaltask_groups
    ADD CONSTRAINT wagtailcore_groupapp_group_id_2e64b61f_fk_auth_grou FOREIGN KEY (group_id) REFERENCES public.auth_group(id) DEFERRABLE INITIALLY DEFERRED;


--
-- Name: wagtailcore_groupapprovaltask_groups wagtailcore_groupapp_groupapprovaltask_id_9a9255ea_fk_wagtailco; Type: FK CONSTRAINT; Schema: public; Owner: postgres
--

ALTER TABLE ONLY public.wagtailcore_groupapprovaltask_groups
    ADD CONSTRAINT wagtailcore_groupapp_groupapprovaltask_id_9a9255ea_fk_wagtailco FOREIGN KEY (groupapprovaltask_id) REFERENCES public.wagtailcore_groupapprovaltask(task_ptr_id) DEFERRABLE INITIALLY DEFERRED;


--
-- Name: wagtailcore_groupapprovaltask wagtailcore_groupapp_task_ptr_id_cfe58781_fk_wagtailco; Type: FK CONSTRAINT; Schema: public; Owner: postgres
--

ALTER TABLE ONLY public.wagtailcore_groupapprovaltask
    ADD CONSTRAINT wagtailcore_groupapp_task_ptr_id_cfe58781_fk_wagtailco FOREIGN KEY (task_ptr_id) REFERENCES public.wagtailcore_task(id) DEFERRABLE INITIALLY DEFERRED;


--
-- Name: wagtailcore_groupcollectionpermission wagtailcore_groupcol_collection_id_5423575a_fk_wagtailco; Type: FK CONSTRAINT; Schema: public; Owner: postgres
--

ALTER TABLE ONLY public.wagtailcore_groupcollectionpermission
    ADD CONSTRAINT wagtailcore_groupcol_collection_id_5423575a_fk_wagtailco FOREIGN KEY (collection_id) REFERENCES public.wagtailcore_collection(id) DEFERRABLE INITIALLY DEFERRED;


--
-- Name: wagtailcore_groupcollectionpermission wagtailcore_groupcol_group_id_05d61460_fk_auth_grou; Type: FK CONSTRAINT; Schema: public; Owner: postgres
--

ALTER TABLE ONLY public.wagtailcore_groupcollectionpermission
    ADD CONSTRAINT wagtailcore_groupcol_group_id_05d61460_fk_auth_grou FOREIGN KEY (group_id) REFERENCES public.auth_group(id) DEFERRABLE INITIALLY DEFERRED;


--
-- Name: wagtailcore_groupcollectionpermission wagtailcore_groupcol_permission_id_1b626275_fk_auth_perm; Type: FK CONSTRAINT; Schema: public; Owner: postgres
--

ALTER TABLE ONLY public.wagtailcore_groupcollectionpermission
    ADD CONSTRAINT wagtailcore_groupcol_permission_id_1b626275_fk_auth_perm FOREIGN KEY (permission_id) REFERENCES public.auth_permission(id) DEFERRABLE INITIALLY DEFERRED;


--
-- Name: wagtailcore_grouppagepermission wagtailcore_grouppag_group_id_fc07e671_fk_auth_grou; Type: FK CONSTRAINT; Schema: public; Owner: postgres
--

ALTER TABLE ONLY public.wagtailcore_grouppagepermission
    ADD CONSTRAINT wagtailcore_grouppag_group_id_fc07e671_fk_auth_grou FOREIGN KEY (group_id) REFERENCES public.auth_group(id) DEFERRABLE INITIALLY DEFERRED;


--
-- Name: wagtailcore_grouppagepermission wagtailcore_grouppag_page_id_710b114a_fk_wagtailco; Type: FK CONSTRAINT; Schema: public; Owner: postgres
--

ALTER TABLE ONLY public.wagtailcore_grouppagepermission
    ADD CONSTRAINT wagtailcore_grouppag_page_id_710b114a_fk_wagtailco FOREIGN KEY (page_id) REFERENCES public.wagtailcore_page(id) DEFERRABLE INITIALLY DEFERRED;


--
-- Name: wagtailcore_grouppagepermission wagtailcore_grouppag_permission_id_05acb22e_fk_auth_perm; Type: FK CONSTRAINT; Schema: public; Owner: postgres
--

ALTER TABLE ONLY public.wagtailcore_grouppagepermission
    ADD CONSTRAINT wagtailcore_grouppag_permission_id_05acb22e_fk_auth_perm FOREIGN KEY (permission_id) REFERENCES public.auth_permission(id) DEFERRABLE INITIALLY DEFERRED;


--
-- Name: wagtailcore_modellogentry wagtailcore_modellog_content_type_id_68849e77_fk_django_co; Type: FK CONSTRAINT; Schema: public; Owner: postgres
--

ALTER TABLE ONLY public.wagtailcore_modellogentry
    ADD CONSTRAINT wagtailcore_modellog_content_type_id_68849e77_fk_django_co FOREIGN KEY (content_type_id) REFERENCES public.django_content_type(id) DEFERRABLE INITIALLY DEFERRED;


--
-- Name: wagtailcore_page wagtailcore_page_alias_of_id_12945502_fk_wagtailcore_page_id; Type: FK CONSTRAINT; Schema: public; Owner: postgres
--

ALTER TABLE ONLY public.wagtailcore_page
    ADD CONSTRAINT wagtailcore_page_alias_of_id_12945502_fk_wagtailcore_page_id FOREIGN KEY (alias_of_id) REFERENCES public.wagtailcore_page(id) DEFERRABLE INITIALLY DEFERRED;


--
-- Name: wagtailcore_page wagtailcore_page_content_type_id_c28424df_fk_django_co; Type: FK CONSTRAINT; Schema: public; Owner: postgres
--

ALTER TABLE ONLY public.wagtailcore_page
    ADD CONSTRAINT wagtailcore_page_content_type_id_c28424df_fk_django_co FOREIGN KEY (content_type_id) REFERENCES public.django_content_type(id) DEFERRABLE INITIALLY DEFERRED;


--
-- Name: wagtailcore_page wagtailcore_page_latest_revision_id_e60fef51_fk_wagtailco; Type: FK CONSTRAINT; Schema: public; Owner: postgres
--

ALTER TABLE ONLY public.wagtailcore_page
    ADD CONSTRAINT wagtailcore_page_latest_revision_id_e60fef51_fk_wagtailco FOREIGN KEY (latest_revision_id) REFERENCES public.wagtailcore_revision(id) DEFERRABLE INITIALLY DEFERRED;


--
-- Name: wagtailcore_page wagtailcore_page_live_revision_id_930bd822_fk_wagtailco; Type: FK CONSTRAINT; Schema: public; Owner: postgres
--

ALTER TABLE ONLY public.wagtailcore_page
    ADD CONSTRAINT wagtailcore_page_live_revision_id_930bd822_fk_wagtailco FOREIGN KEY (live_revision_id) REFERENCES public.wagtailcore_revision(id) DEFERRABLE INITIALLY DEFERRED;


--
-- Name: wagtailcore_page wagtailcore_page_locale_id_3c7e30a6_fk_wagtailcore_locale_id; Type: FK CONSTRAINT; Schema: public; Owner: postgres
--

ALTER TABLE ONLY public.wagtailcore_page
    ADD CONSTRAINT wagtailcore_page_locale_id_3c7e30a6_fk_wagtailcore_locale_id FOREIGN KEY (locale_id) REFERENCES public.wagtailcore_locale(id) DEFERRABLE INITIALLY DEFERRED;


--
-- Name: wagtailcore_page wagtailcore_page_locked_by_id_bcb86245_fk_auth_user_id; Type: FK CONSTRAINT; Schema: public; Owner: postgres
--

ALTER TABLE ONLY public.wagtailcore_page
    ADD CONSTRAINT wagtailcore_page_locked_by_id_bcb86245_fk_auth_user_id FOREIGN KEY (locked_by_id) REFERENCES public.auth_user(id) DEFERRABLE INITIALLY DEFERRED;


--
-- Name: wagtailcore_page wagtailcore_page_owner_id_fbf7c332_fk_auth_user_id; Type: FK CONSTRAINT; Schema: public; Owner: postgres
--

ALTER TABLE ONLY public.wagtailcore_page
    ADD CONSTRAINT wagtailcore_page_owner_id_fbf7c332_fk_auth_user_id FOREIGN KEY (owner_id) REFERENCES public.auth_user(id) DEFERRABLE INITIALLY DEFERRED;


--
-- Name: wagtailcore_pagelogentry wagtailcore_pageloge_content_type_id_74e7708a_fk_django_co; Type: FK CONSTRAINT; Schema: public; Owner: postgres
--

ALTER TABLE ONLY public.wagtailcore_pagelogentry
    ADD CONSTRAINT wagtailcore_pageloge_content_type_id_74e7708a_fk_django_co FOREIGN KEY (content_type_id) REFERENCES public.django_content_type(id) DEFERRABLE INITIALLY DEFERRED;


--
-- Name: wagtailcore_revision wagtailcore_pagerevision_user_id_2409d2f4_fk_auth_user_id; Type: FK CONSTRAINT; Schema: public; Owner: postgres
--

ALTER TABLE ONLY public.wagtailcore_revision
    ADD CONSTRAINT wagtailcore_pagerevision_user_id_2409d2f4_fk_auth_user_id FOREIGN KEY (user_id) REFERENCES public.auth_user(id) DEFERRABLE INITIALLY DEFERRED;


--
-- Name: wagtailcore_pagesubscription wagtailcore_pagesubs_page_id_a085e7a6_fk_wagtailco; Type: FK CONSTRAINT; Schema: public; Owner: postgres
--

ALTER TABLE ONLY public.wagtailcore_pagesubscription
    ADD CONSTRAINT wagtailcore_pagesubs_page_id_a085e7a6_fk_wagtailco FOREIGN KEY (page_id) REFERENCES public.wagtailcore_page(id) DEFERRABLE INITIALLY DEFERRED;


--
-- Name: wagtailcore_pagesubscription wagtailcore_pagesubscription_user_id_89d7def9_fk_auth_user_id; Type: FK CONSTRAINT; Schema: public; Owner: postgres
--

ALTER TABLE ONLY public.wagtailcore_pagesubscription
    ADD CONSTRAINT wagtailcore_pagesubscription_user_id_89d7def9_fk_auth_user_id FOREIGN KEY (user_id) REFERENCES public.auth_user(id) DEFERRABLE INITIALLY DEFERRED;


--
-- Name: wagtailcore_pageviewrestriction_groups wagtailcore_pageview_group_id_6460f223_fk_auth_grou; Type: FK CONSTRAINT; Schema: public; Owner: postgres
--

ALTER TABLE ONLY public.wagtailcore_pageviewrestriction_groups
    ADD CONSTRAINT wagtailcore_pageview_group_id_6460f223_fk_auth_grou FOREIGN KEY (group_id) REFERENCES public.auth_group(id) DEFERRABLE INITIALLY DEFERRED;


--
-- Name: wagtailcore_pageviewrestriction wagtailcore_pageview_page_id_15a8bea6_fk_wagtailco; Type: FK CONSTRAINT; Schema: public; Owner: postgres
--

ALTER TABLE ONLY public.wagtailcore_pageviewrestriction
    ADD CONSTRAINT wagtailcore_pageview_page_id_15a8bea6_fk_wagtailco FOREIGN KEY (page_id) REFERENCES public.wagtailcore_page(id) DEFERRABLE INITIALLY DEFERRED;


--
-- Name: wagtailcore_pageviewrestriction_groups wagtailcore_pageview_pageviewrestriction__f147a99a_fk_wagtailco; Type: FK CONSTRAINT; Schema: public; Owner: postgres
--

ALTER TABLE ONLY public.wagtailcore_pageviewrestriction_groups
    ADD CONSTRAINT wagtailcore_pageview_pageviewrestriction__f147a99a_fk_wagtailco FOREIGN KEY (pageviewrestriction_id) REFERENCES public.wagtailcore_pageviewrestriction(id) DEFERRABLE INITIALLY DEFERRED;


--
-- Name: wagtailcore_referenceindex wagtailcore_referenc_base_content_type_id_313cf40f_fk_django_co; Type: FK CONSTRAINT; Schema: public; Owner: postgres
--

ALTER TABLE ONLY public.wagtailcore_referenceindex
    ADD CONSTRAINT wagtailcore_referenc_base_content_type_id_313cf40f_fk_django_co FOREIGN KEY (base_content_type_id) REFERENCES public.django_content_type(id) DEFERRABLE INITIALLY DEFERRED;


--
-- Name: wagtailcore_referenceindex wagtailcore_referenc_content_type_id_766e0336_fk_django_co; Type: FK CONSTRAINT; Schema: public; Owner: postgres
--

ALTER TABLE ONLY public.wagtailcore_referenceindex
    ADD CONSTRAINT wagtailcore_referenc_content_type_id_766e0336_fk_django_co FOREIGN KEY (content_type_id) REFERENCES public.django_content_type(id) DEFERRABLE INITIALLY DEFERRED;


--
-- Name: wagtailcore_referenceindex wagtailcore_referenc_to_content_type_id_93690bbd_fk_django_co; Type: FK CONSTRAINT; Schema: public; Owner: postgres
--

ALTER TABLE ONLY public.wagtailcore_referenceindex
    ADD CONSTRAINT wagtailcore_referenc_to_content_type_id_93690bbd_fk_django_co FOREIGN KEY (to_content_type_id) REFERENCES public.django_content_type(id) DEFERRABLE INITIALLY DEFERRED;


--
-- Name: wagtailcore_revision wagtailcore_revision_base_content_type_id_5b4ef7bd_fk_django_co; Type: FK CONSTRAINT; Schema: public; Owner: postgres
--

ALTER TABLE ONLY public.wagtailcore_revision
    ADD CONSTRAINT wagtailcore_revision_base_content_type_id_5b4ef7bd_fk_django_co FOREIGN KEY (base_content_type_id) REFERENCES public.django_content_type(id) DEFERRABLE INITIALLY DEFERRED;


--
-- Name: wagtailcore_revision wagtailcore_revision_content_type_id_c8cb69c0_fk_django_co; Type: FK CONSTRAINT; Schema: public; Owner: postgres
--

ALTER TABLE ONLY public.wagtailcore_revision
    ADD CONSTRAINT wagtailcore_revision_content_type_id_c8cb69c0_fk_django_co FOREIGN KEY (content_type_id) REFERENCES public.django_content_type(id) DEFERRABLE INITIALLY DEFERRED;


--
-- Name: wagtailcore_site wagtailcore_site_root_page_id_e02fb95c_fk_wagtailcore_page_id; Type: FK CONSTRAINT; Schema: public; Owner: postgres
--

ALTER TABLE ONLY public.wagtailcore_site
    ADD CONSTRAINT wagtailcore_site_root_page_id_e02fb95c_fk_wagtailcore_page_id FOREIGN KEY (root_page_id) REFERENCES public.wagtailcore_page(id) DEFERRABLE INITIALLY DEFERRED;


--
-- Name: wagtailcore_task wagtailcore_task_content_type_id_249ab8ba_fk_django_co; Type: FK CONSTRAINT; Schema: public; Owner: postgres
--

ALTER TABLE ONLY public.wagtailcore_task
    ADD CONSTRAINT wagtailcore_task_content_type_id_249ab8ba_fk_django_co FOREIGN KEY (content_type_id) REFERENCES public.django_content_type(id) DEFERRABLE INITIALLY DEFERRED;


--
-- Name: wagtailcore_taskstate wagtailcore_taskstat_content_type_id_0a758fdc_fk_django_co; Type: FK CONSTRAINT; Schema: public; Owner: postgres
--

ALTER TABLE ONLY public.wagtailcore_taskstate
    ADD CONSTRAINT wagtailcore_taskstat_content_type_id_0a758fdc_fk_django_co FOREIGN KEY (content_type_id) REFERENCES public.django_content_type(id) DEFERRABLE INITIALLY DEFERRED;


--
-- Name: wagtailcore_taskstate wagtailcore_taskstat_revision_id_df25a499_fk_wagtailco; Type: FK CONSTRAINT; Schema: public; Owner: postgres
--

ALTER TABLE ONLY public.wagtailcore_taskstate
    ADD CONSTRAINT wagtailcore_taskstat_revision_id_df25a499_fk_wagtailco FOREIGN KEY (revision_id) REFERENCES public.wagtailcore_revision(id) DEFERRABLE INITIALLY DEFERRED;


--
-- Name: wagtailcore_taskstate wagtailcore_taskstat_workflow_state_id_9239a775_fk_wagtailco; Type: FK CONSTRAINT; Schema: public; Owner: postgres
--

ALTER TABLE ONLY public.wagtailcore_taskstate
    ADD CONSTRAINT wagtailcore_taskstat_workflow_state_id_9239a775_fk_wagtailco FOREIGN KEY (workflow_state_id) REFERENCES public.wagtailcore_workflowstate(id) DEFERRABLE INITIALLY DEFERRED;


--
-- Name: wagtailcore_taskstate wagtailcore_taskstate_finished_by_id_13f98229_fk_auth_user_id; Type: FK CONSTRAINT; Schema: public; Owner: postgres
--

ALTER TABLE ONLY public.wagtailcore_taskstate
    ADD CONSTRAINT wagtailcore_taskstate_finished_by_id_13f98229_fk_auth_user_id FOREIGN KEY (finished_by_id) REFERENCES public.auth_user(id) DEFERRABLE INITIALLY DEFERRED;


--
-- Name: wagtailcore_taskstate wagtailcore_taskstate_task_id_c3677c34_fk_wagtailcore_task_id; Type: FK CONSTRAINT; Schema: public; Owner: postgres
--

ALTER TABLE ONLY public.wagtailcore_taskstate
    ADD CONSTRAINT wagtailcore_taskstate_task_id_c3677c34_fk_wagtailcore_task_id FOREIGN KEY (task_id) REFERENCES public.wagtailcore_task(id) DEFERRABLE INITIALLY DEFERRED;


--
-- Name: wagtailcore_uploadedfile wagtailcore_uploaded_for_content_type_id_b0fc87b2_fk_django_co; Type: FK CONSTRAINT; Schema: public; Owner: postgres
--

ALTER TABLE ONLY public.wagtailcore_uploadedfile
    ADD CONSTRAINT wagtailcore_uploaded_for_content_type_id_b0fc87b2_fk_django_co FOREIGN KEY (for_content_type_id) REFERENCES public.django_content_type(id) DEFERRABLE INITIALLY DEFERRED;


--
-- Name: wagtailcore_uploadedfile wagtailcore_uploaded_uploaded_by_user_id_c7580fe8_fk_auth_user; Type: FK CONSTRAINT; Schema: public; Owner: postgres
--

ALTER TABLE ONLY public.wagtailcore_uploadedfile
    ADD CONSTRAINT wagtailcore_uploaded_uploaded_by_user_id_c7580fe8_fk_auth_user FOREIGN KEY (uploaded_by_user_id) REFERENCES public.auth_user(id) DEFERRABLE INITIALLY DEFERRED;


--
-- Name: wagtailcore_workflowstate wagtailcore_workflow_base_content_type_id_a30dc576_fk_django_co; Type: FK CONSTRAINT; Schema: public; Owner: postgres
--

ALTER TABLE ONLY public.wagtailcore_workflowstate
    ADD CONSTRAINT wagtailcore_workflow_base_content_type_id_a30dc576_fk_django_co FOREIGN KEY (base_content_type_id) REFERENCES public.django_content_type(id) DEFERRABLE INITIALLY DEFERRED;


--
-- Name: wagtailcore_workflowstate wagtailcore_workflow_content_type_id_2bb78ce1_fk_django_co; Type: FK CONSTRAINT; Schema: public; Owner: postgres
--

ALTER TABLE ONLY public.wagtailcore_workflowstate
    ADD CONSTRAINT wagtailcore_workflow_content_type_id_2bb78ce1_fk_django_co FOREIGN KEY (content_type_id) REFERENCES public.django_content_type(id) DEFERRABLE INITIALLY DEFERRED;


--
-- Name: wagtailcore_workflowcontenttype wagtailcore_workflow_content_type_id_b261bb37_fk_django_co; Type: FK CONSTRAINT; Schema: public; Owner: postgres
--

ALTER TABLE ONLY public.wagtailcore_workflowcontenttype
    ADD CONSTRAINT wagtailcore_workflow_content_type_id_b261bb37_fk_django_co FOREIGN KEY (content_type_id) REFERENCES public.django_content_type(id) DEFERRABLE INITIALLY DEFERRED;


--
-- Name: wagtailcore_workflowstate wagtailcore_workflow_current_task_state_i_3a1a0632_fk_wagtailco; Type: FK CONSTRAINT; Schema: public; Owner: postgres
--

ALTER TABLE ONLY public.wagtailcore_workflowstate
    ADD CONSTRAINT wagtailcore_workflow_current_task_state_i_3a1a0632_fk_wagtailco FOREIGN KEY (current_task_state_id) REFERENCES public.wagtailcore_taskstate(id) DEFERRABLE INITIALLY DEFERRED;


--
-- Name: wagtailcore_workflowpage wagtailcore_workflow_page_id_81e7bab6_fk_wagtailco; Type: FK CONSTRAINT; Schema: public; Owner: postgres
--

ALTER TABLE ONLY public.wagtailcore_workflowpage
    ADD CONSTRAINT wagtailcore_workflow_page_id_81e7bab6_fk_wagtailco FOREIGN KEY (page_id) REFERENCES public.wagtailcore_page(id) DEFERRABLE INITIALLY DEFERRED;


--
-- Name: wagtailcore_workflowstate wagtailcore_workflow_requested_by_id_4090bca3_fk_auth_user; Type: FK CONSTRAINT; Schema: public; Owner: postgres
--

ALTER TABLE ONLY public.wagtailcore_workflowstate
    ADD CONSTRAINT wagtailcore_workflow_requested_by_id_4090bca3_fk_auth_user FOREIGN KEY (requested_by_id) REFERENCES public.auth_user(id) DEFERRABLE INITIALLY DEFERRED;


--
-- Name: wagtailcore_workflowtask wagtailcore_workflow_task_id_ce7716fe_fk_wagtailco; Type: FK CONSTRAINT; Schema: public; Owner: postgres
--

ALTER TABLE ONLY public.wagtailcore_workflowtask
    ADD CONSTRAINT wagtailcore_workflow_task_id_ce7716fe_fk_wagtailco FOREIGN KEY (task_id) REFERENCES public.wagtailcore_task(id) DEFERRABLE INITIALLY DEFERRED;


--
-- Name: wagtailcore_workflowstate wagtailcore_workflow_workflow_id_1f18378f_fk_wagtailco; Type: FK CONSTRAINT; Schema: public; Owner: postgres
--

ALTER TABLE ONLY public.wagtailcore_workflowstate
    ADD CONSTRAINT wagtailcore_workflow_workflow_id_1f18378f_fk_wagtailco FOREIGN KEY (workflow_id) REFERENCES public.wagtailcore_workflow(id) DEFERRABLE INITIALLY DEFERRED;


--
-- Name: wagtailcore_workflowpage wagtailcore_workflow_workflow_id_56f56ff6_fk_wagtailco; Type: FK CONSTRAINT; Schema: public; Owner: postgres
--

ALTER TABLE ONLY public.wagtailcore_workflowpage
    ADD CONSTRAINT wagtailcore_workflow_workflow_id_56f56ff6_fk_wagtailco FOREIGN KEY (workflow_id) REFERENCES public.wagtailcore_workflow(id) DEFERRABLE INITIALLY DEFERRED;


--
-- Name: wagtailcore_workflowcontenttype wagtailcore_workflow_workflow_id_9aad7cd2_fk_wagtailco; Type: FK CONSTRAINT; Schema: public; Owner: postgres
--

ALTER TABLE ONLY public.wagtailcore_workflowcontenttype
    ADD CONSTRAINT wagtailcore_workflow_workflow_id_9aad7cd2_fk_wagtailco FOREIGN KEY (workflow_id) REFERENCES public.wagtailcore_workflow(id) DEFERRABLE INITIALLY DEFERRED;


--
-- Name: wagtailcore_workflowtask wagtailcore_workflow_workflow_id_b9717175_fk_wagtailco; Type: FK CONSTRAINT; Schema: public; Owner: postgres
--

ALTER TABLE ONLY public.wagtailcore_workflowtask
    ADD CONSTRAINT wagtailcore_workflow_workflow_id_b9717175_fk_wagtailco FOREIGN KEY (workflow_id) REFERENCES public.wagtailcore_workflow(id) DEFERRABLE INITIALLY DEFERRED;


--
-- Name: wagtaildocs_document wagtaildocs_document_collection_id_23881625_fk_wagtailco; Type: FK CONSTRAINT; Schema: public; Owner: postgres
--

ALTER TABLE ONLY public.wagtaildocs_document
    ADD CONSTRAINT wagtaildocs_document_collection_id_23881625_fk_wagtailco FOREIGN KEY (collection_id) REFERENCES public.wagtailcore_collection(id) DEFERRABLE INITIALLY DEFERRED;


--
-- Name: wagtaildocs_document wagtaildocs_document_uploaded_by_user_id_17258b41_fk_auth_user; Type: FK CONSTRAINT; Schema: public; Owner: postgres
--

ALTER TABLE ONLY public.wagtaildocs_document
    ADD CONSTRAINT wagtaildocs_document_uploaded_by_user_id_17258b41_fk_auth_user FOREIGN KEY (uploaded_by_user_id) REFERENCES public.auth_user(id) DEFERRABLE INITIALLY DEFERRED;


--
-- Name: wagtailforms_formsubmission wagtailforms_formsub_page_id_e48e93e7_fk_wagtailco; Type: FK CONSTRAINT; Schema: public; Owner: postgres
--

ALTER TABLE ONLY public.wagtailforms_formsubmission
    ADD CONSTRAINT wagtailforms_formsub_page_id_e48e93e7_fk_wagtailco FOREIGN KEY (page_id) REFERENCES public.wagtailcore_page(id) DEFERRABLE INITIALLY DEFERRED;


--
-- Name: wagtailimages_image wagtailimages_image_collection_id_c2f8af7e_fk_wagtailco; Type: FK CONSTRAINT; Schema: public; Owner: postgres
--

ALTER TABLE ONLY public.wagtailimages_image
    ADD CONSTRAINT wagtailimages_image_collection_id_c2f8af7e_fk_wagtailco FOREIGN KEY (collection_id) REFERENCES public.wagtailcore_collection(id) DEFERRABLE INITIALLY DEFERRED;


--
-- Name: wagtailimages_image wagtailimages_image_uploaded_by_user_id_5d73dc75_fk_auth_user; Type: FK CONSTRAINT; Schema: public; Owner: postgres
--

ALTER TABLE ONLY public.wagtailimages_image
    ADD CONSTRAINT wagtailimages_image_uploaded_by_user_id_5d73dc75_fk_auth_user FOREIGN KEY (uploaded_by_user_id) REFERENCES public.auth_user(id) DEFERRABLE INITIALLY DEFERRED;


--
-- Name: wagtailimages_rendition wagtailimages_rendit_image_id_3e1fd774_fk_wagtailim; Type: FK CONSTRAINT; Schema: public; Owner: postgres
--

ALTER TABLE ONLY public.wagtailimages_rendition
    ADD CONSTRAINT wagtailimages_rendit_image_id_3e1fd774_fk_wagtailim FOREIGN KEY (image_id) REFERENCES public.wagtailimages_image(id) DEFERRABLE INITIALLY DEFERRED;


--
-- Name: wagtailredirects_redirect wagtailredirects_red_redirect_page_id_b5728a8f_fk_wagtailco; Type: FK CONSTRAINT; Schema: public; Owner: postgres
--

ALTER TABLE ONLY public.wagtailredirects_redirect
    ADD CONSTRAINT wagtailredirects_red_redirect_page_id_b5728a8f_fk_wagtailco FOREIGN KEY (redirect_page_id) REFERENCES public.wagtailcore_page(id) DEFERRABLE INITIALLY DEFERRED;


--
-- Name: wagtailredirects_redirect wagtailredirects_red_site_id_780a0e1e_fk_wagtailco; Type: FK CONSTRAINT; Schema: public; Owner: postgres
--

ALTER TABLE ONLY public.wagtailredirects_redirect
    ADD CONSTRAINT wagtailredirects_red_site_id_780a0e1e_fk_wagtailco FOREIGN KEY (site_id) REFERENCES public.wagtailcore_site(id) DEFERRABLE INITIALLY DEFERRED;


--
-- Name: wagtailsearch_indexentry wagtailsearch_indexe_content_type_id_62ed694f_fk_django_co; Type: FK CONSTRAINT; Schema: public; Owner: postgres
--

ALTER TABLE ONLY public.wagtailsearch_indexentry
    ADD CONSTRAINT wagtailsearch_indexe_content_type_id_62ed694f_fk_django_co FOREIGN KEY (content_type_id) REFERENCES public.django_content_type(id) DEFERRABLE INITIALLY DEFERRED;


--
-- Name: wagtailusers_userprofile wagtailusers_userprofile_user_id_59c92331_fk_auth_user_id; Type: FK CONSTRAINT; Schema: public; Owner: postgres
--

ALTER TABLE ONLY public.wagtailusers_userprofile
    ADD CONSTRAINT wagtailusers_userprofile_user_id_59c92331_fk_auth_user_id FOREIGN KEY (user_id) REFERENCES public.auth_user(id) DEFERRABLE INITIALLY DEFERRED;


--
-- PostgreSQL database dump complete
--

\unrestrict otfncDfCXCsG6otj4kIiT8dTHGrmXmC29gjhiygQHOsx8h7HsOspNyQ4NIHos5e

